0-001-818-2870,2179
0-001-942-9841,3703
0-007-634-3353,3246
0-009-597-5935,4269
0-010-591-0910,2704
0-010-750-5425,888
0-011-254-1262,4376
0-013-202-7609,2270
0-016-152-6265,3513
0-017-413-0320,521
0-017-777-1002,892
0-023-016-7892,4815
0-027-102-3938,1871
0-031-289-4012,4829
0-032-728-1495,4344
0-032-988-6316,1601
0-033-136-0904,4498
0-033-331-4534,2870
0-033-985-6793,4350
0-034-268-4654,4460
0-035-109-6796,212
0-038-483-4791,3997
0-038-618-0276,3048
0-041-823-0556,366
0-047-135-5984,2311
0-048-560-9314,3754
0-050-187-8090,3010
0-054-280-2639,3146
0-055-701-9564,502
0-055-987-3566,2326
0-057-879-2472,2196
0-060-333-5017,1702
0-060-647-4174,2735
0-060-833-4039,2817
0-061-543-5911,3249
0-067-065-3284,248
0-070-934-1215,193
0-072-345-7261,1780
0-072-620-1455,3021
0-075-565-0122,2547
0-076-091-0202,1272
0-077-209-9108,3805
0-078-339-8241,4146
0-079-845-3735,818
0-080-254-9396,60
0-080-303-9199,80
0-084-041-3040,4702
0-084-998-1957,97
0-085-290-7393,4687
0-086-644-0010,4599
0-086-703-5642,1
0-087-824-6247,4026
0-087-920-1920,2440
0-088-141-5122,4511
0-088-754-1316,1144
0-091-118-3680,3322
0-091-622-7298,351
0-102-824-5097,1851
0-106-758-7954,4674
0-106-852-1862,3025
0-113-655-7737,4179
0-116-544-2565,1198
0-118-499-4163,1820
0-118-766-4013,3017
0-119-273-1268,3931
0-120-613-5883,2673
0-122-814-7026,3824
0-123-336-0779,3951
0-124-104-2125,2742
0-126-045-1453,299
0-127-240-0248,1587
0-130-278-9387,2670
0-135-333-6013,675
0-136-460-3016,271
0-139-860-7257,849
0-140-174-0278,2561
0-143-159-4490,1187
0-147-610-0863,2816
0-150-068-0196,2168
0-150-980-9809,1972
0-151-516-3127,1194
0-153-893-6636,4023
0-160-691-7851,3757
0-163-152-7067,3914
0-166-099-6162,717
0-167-545-0601,4793
0-170-185-1565,4994
0-175-999-9287,1402
0-176-396-8228,565
0-177-439-5557,4975
0-178-174-0450,149
0-179-929-6119,574
0-182-188-3169,159
0-187-425-5624,1100
0-188-977-4186,1250
0-188-991-4197,690
0-190-599-2330,170
0-191-827-6361,764
0-192-469-7097,970
0-194-111-1820,2280
0-196-301-4055,4542
0-199-302-2286,4770
0-202-330-1889,1454
0-202-943-1849,167
0-203-191-1566,3484
0-204-989-5344,4510
0-209-527-6828,3108
0-215-944-3084,4018
0-217-248-7417,3718
0-218-254-7571,4091
0-219-462-9608,1582
0-220-511-7445,3697
0-220-834-5811,2451
0-225-165-0634,4375
0-225-192-5800,2506
0-225-444-1442,2276
0-229-373-5150,1900
0-234-898-9820,620
0-237-276-1756,3826
0-237-906-7163,3315
0-240-231-8384,641
0-245-080-3444,3781
0-249-513-5824,1441
0-249-899-3232,537
0-250-540-5321,1976
0-250-901-2820,1344
0-254-510-2681,2159
0-255-544-2407,2431
0-256-427-3906,374
0-256-490-4472,4517
0-257-666-0031,2713
0-260-271-1331,3736
0-260-325-1545,2525
0-264-399-3473,2408
0-264-599-7058,4496
0-266-523-2332,4597
0-266-662-1680,2752
0-267-076-0666,3431
0-269-364-6993,3083
0-272-986-8830,1092
0-273-489-4782,4397
0-273-704-8719,3616
0-274-304-5765,4140
0-279-162-5831,2753
0-279-360-6625,2618
0-280-612-7925,1975
0-283-864-4935,1532
0-290-682-9142,4768
0-290-802-3862,1044
0-292-333-2618,2518
0-293-625-0627,4643
0-296-386-6155,935
0-301-307-3741,525
0-301-731-2698,2036
0-302-775-4668,3464
0-303-795-4693,3328
0-304-791-9156,1617
0-304-885-7546,1233
0-305-522-7780,4125
0-307-504-1855,600
0-308-853-4794,1554
0-312-626-9755,1340
0-313-243-3036,4972
0-317-623-6799,3893
0-322-824-0668,371
0-323-771-9926,3225
0-326-517-4507,3862
0-331-456-2357,977
0-333-779-4219,4412
0-336-903-9656,4082
0-337-424-7467,234
0-339-439-3720,4443
0-343-037-0384,2596
0-343-764-5152,668
0-344-381-4498,382
0-345-362-2017,4111
0-345-708-3352,2220
0-349-057-5189,1971
0-350-003-5166,4719
0-353-043-7751,2500
0-354-048-4537,3954
0-355-774-7627,669
0-356-636-8562,418
0-356-863-1848,2146
0-360-555-0895,3529
0-361-007-3727,3727
0-366-216-7693,3590
0-366-560-2064,4997
0-368-856-6675,442
0-369-794-8529,4751
0-370-160-8226,3901
0-370-618-2817,3921
0-371-357-2921,3543
0-374-538-4691,3440
0-374-667-9810,4101
0-374-944-5871,4933
0-375-268-0847,3013
0-377-843-5682,158
0-378-969-7488,1609
0-382-202-5949,398
0-382-934-8050,307
0-383-653-2713,474
0-389-557-5991,623
0-394-645-6148,1825
0-395-950-3277,4892
0-397-361-9400,3987
0-397-381-9969,4743
0-397-843-1735,3820
0-398-772-3173,1420
0-398-984-9837,4908
0-402-399-1007,2281
0-403-087-5728,4095
0-408-965-0595,4773
0-412-787-6655,4919
0-413-559-3233,670
0-414-962-9263,3295
0-420-443-0556,2623
0-420-762-5978,3677
0-421-418-8333,4021
0-424-030-8388,3980
0-427-219-5629,1667
0-427-307-6991,2601
0-427-633-3821,2063
0-432-003-4489,35
0-432-194-6075,2027
0-433-590-8647,4505
0-434-195-1063,2660
0-435-293-1149,2049
0-439-088-3894,4840
0-440-617-8069,4566
0-442-210-6334,4312
0-443-302-0631,2223
0-444-479-3870,3995
0-444-832-8365,4921
0-445-501-9719,956
0-446-444-3359,406
0-448-884-6214,3413
0-449-490-3387,4732
0-449-561-5268,3765
0-451-045-0835,4826
0-452-514-9131,3008
0-455-787-5605,2232
0-458-743-6832,1295
0-459-012-1356,39
0-459-439-2722,1693
0-461-548-2453,236
0-462-071-1748,3135
0-466-064-9199,2068
0-468-550-6504,4453
0-468-596-6754,1550
0-475-652-3859,2893
0-476-245-2400,941
0-477-322-5992,1939
0-480-340-0243,2304
0-487-525-6550,1919
0-488-366-7633,1035
0-489-161-8774,3747
0-489-728-4236,1002
0-492-684-1820,4243
0-493-217-4590,2579
0-499-981-0797,3537
0-499-987-8809,4264
0-504-127-7126,3794
0-511-080-8174,4897
0-512-139-6436,3905
0-520-917-4708,791
0-523-217-8188,4712
0-525-860-1012,2770
0-529-043-2171,4004
0-530-331-1150,4336
0-531-294-0430,4300
0-531-795-2980,948
0-532-539-7572,3266
0-534-252-2792,1369
0-534-793-8949,1437
0-536-890-7705,3374
0-539-902-3366,4509
0-543-084-1318,112
0-544-389-8378,4746
0-551-280-3045,749
0-552-189-4188,1713
0-552-465-9981,4363
0-554-832-7123,757
0-555-668-6451,3674
0-560-591-4116,4001
0-568-071-3313,4314
0-569-303-9032,1230
0-570-210-3513,3405
0-570-868-9996,3498
0-572-699-9047,954
0-573-215-2958,2767
0-574-050-9839,2871
0-575-333-7936,2731
0-580-159-2621,176
0-581-807-2494,1859
0-582-128-5675,447
0-590-799-5037,576
0-591-262-8685,3501
0-591-877-9038,4262
0-593-874-4853,292
0-593-876-1106,2135
0-597-166-7218,3194
0-597-197-2227,1832
0-597-452-6077,1742
0-597-509-5084,113
0-598-309-1910,2939
0-600-146-5419,4767
0-603-234-7996,2161
0-607-984-7548,1529
0-609-631-4468,4752
0-612-103-0966,1492
0-618-810-0301,1177
0-621-193-2374,4190
0-621-524-9121,157
0-621-914-7848,4435
0-622-600-3024,1756
0-622-995-9116,751
0-625-680-4109,536
0-627-244-2487,479
0-628-584-0349,726
0-629-404-5286,4188
0-631-252-6713,2733
0-633-943-3565,4275
0-635-718-7794,2145
0-639-525-0042,3730
0-647-464-5366,3817
0-647-939-1314,3047
0-650-085-5196,102
0-651-539-5550,986
0-651-559-7293,3003
0-652-290-5075,2149
0-652-399-4153,3341
0-652-459-6616,3330
0-652-839-9576,250
0-654-802-0151,2822
0-660-226-6093,2988
0-665-336-2451,1148
0-666-357-5866,4163
0-666-548-3267,478
0-673-494-0107,1312
0-675-067-9181,1585
0-676-608-8148,987
0-678-608-8841,3072
0-679-365-4420,900
0-680-044-3622,1815
0-680-562-0176,3900
0-681-936-4965,1036
0-682-155-5402,2013
0-683-836-7357,1242
0-688-773-2085,3434
0-690-367-9252,1096
0-692-622-3219,4601
0-704-406-2641,3599
0-705-086-1896,1855
0-705-908-1798,3937
0-707-474-5379,4378
0-708-684-1859,4930
0-710-233-6303,1332
0-710-417-8947,3365
0-711-391-1366,2088
0-711-884-1613,4480
0-715-570-7385,3902
0-717-374-8103,3561
0-718-092-8254,3147
0-719-802-3309,4041
0-720-833-9647,4942
0-721-068-7400,1672
0-722-354-1588,3689
0-723-681-6914,4600
0-726-293-7824,1108
0-729-599-4838,2565
0-733-013-3090,3408
0-734-105-9153,2117
0-735-082-0460,264
0-742-002-7339,566
0-742-253-0761,677
0-754-957-9623,4555
0-756-494-3801,3869
0-758-040-6670,3630
0-758-417-6698,2609
0-759-002-3042,3220
0-759-959-2117,2772
0-760-814-5117,3333
0-761-641-8006,1153
0-762-394-2222,2174
0-767-823-4006,2786
0-773-989-5801,2515
0-775-146-3765,3614
0-776-770-0726,838
0-776-846-8063,1475
0-778-735-9141,3425
0-779-186-8321,1627
0-779-577-0500,2636
0-781-914-6905,2151
0-783-972-1576,4324
0-784-274-2723,2710
0-784-953-5700,4679
0-788-138-5617,139
0-788-541-5014,2284
0-788-947-6800,3759
0-790-492-9250,134
0-791-537-2961,547
0-791-610-8216,310
0-792-250-6376,1558
0-793-622-2336,1796
0-794-920-7025,2552
0-795-835-2054,163
0-796-625-7500,1980
0-796-932-4422,4962
0-797-047-2827,267
0-800-000-8579,3701
0-800-305-3525,2293
0-801-508-5014,4484
0-802-201-5492,4149
0-803-508-5415,2916
0-805-480-7520,2111
0-806-355-7785,4462
0-811-763-8659,1793
0-811-947-3298,3591
0-813-765-6016,56
0-813-890-6627,188
0-814-015-7016,3149
0-815-707-6903,455
0-816-096-4893,2991
0-819-426-6032,493
0-819-861-1089,1560
0-820-935-3770,617
0-824-996-4318,4817
0-827-836-7384,861
0-834-091-1672,4456
0-834-548-2463,2815
0-835-158-6201,3514
0-837-133-4065,1208
0-838-754-2072,3829
0-842-462-9300,4040
0-845-987-8621,665
0-846-427-0005,4823
0-846-674-1737,4584
0-848-694-9535,517
0-851-196-4557,4576
0-853-356-9558,2872
0-853-503-6958,3271
0-853-764-9002,408
0-854-452-2345,3205
0-856-812-9338,1132
0-861-534-9747,993
0-862-469-1195,4853
0-863-876-2409,2589
0-876-233-5278,1405
0-878-064-4062,472
0-878-131-4020,4165
0-882-430-4842,3547
0-883-977-7367,2310
0-887-102-3144,4452
0-887-544-9111,4444
0-887-716-0232,365
0-894-339-5115,126
0-898-336-3443,1145
0-898-742-7197,3228
0-899-849-1544,1716
0-900-333-8568,347
0-901-107-9431,4639
0-902-342-6716,1644
0-908-662-4786,253
0-913-209-4478,214
0-914-723-4667,3706
0-916-908-5166,3485
0-918-078-2174,4253
0-919-405-2712,2796
0-921-720-5871,4741
0-925-097-1210,3265
0-926-730-7977,3519
0-929-251-4681,2802
0-933-656-0477,4241
0-936-077-7059,2015
0-941-492-5944,2463
0-945-460-1989,2779
0-948-677-6168,2358
0-948-717-6155,1610
0-951-305-8139,2531
0-956-554-2305,3621
0-956-780-2939,2407
0-958-004-8626,3851
0-958-819-5520,3770
0-960-375-5851,1343
0-960-417-0264,2458
0-961-148-7002,3234
0-967-233-3790,49
0-968-031-3059,2152
0-971-482-6190,90
0-972-637-5616,2007
0-973-302-0677,1572
0-974-177-9495,1709
0-974-532-8226,3489
0-979-957-5449,997
0-985-895-0564,3208
0-988-990-7179,2611
0-990-438-6561,4189
0-994-158-6572,73
0-994-859-3369,2305
0-995-492-6462,199
0-996-367-9004,3681
0-997-406-3490,4911
0-998-089-5869,137
0-999-105-4141,67
0-999-324-9621,1885
1-003-067-3119,4170
1-004-576-9185,3222
1-005-283-0463,205
1-013-132-9221,422
1-013-611-7975,2812
1-015-345-4808,2018
1-016-419-0157,3672
1-017-977-6344,1400
1-020-155-4156,5
1-020-384-5122,2025
1-020-903-1204,3040
1-021-209-0279,1217
1-022-446-0727,4706
1-022-514-8280,2058
1-024-638-3239,4557
1-025-121-0921,3641
1-029-315-5438,2240
1-029-721-6491,3376
1-031-512-8546,2050
1-031-673-5986,3946
1-035-261-2018,3532
1-035-556-3586,2350
1-035-894-5901,3476
1-038-991-4135,1670
1-039-736-8127,87
1-042-783-6493,4591
1-046-464-5290,4405
1-048-816-1273,463
1-049-132-8753,1119
1-052-115-3012,4080
1-052-708-6192,3219
1-052-810-9277,1219
1-060-013-1572,3606
1-062-420-1128,604
1-062-427-2118,3669
1-064-387-6405,216
1-065-116-6860,4457
1-066-329-9996,3510
1-068-254-0936,850
1-068-849-0056,1459
1-070-178-8418,1963
1-072-050-7999,2962
1-072-325-9412,3967
1-073-692-9135,2044
1-077-928-5230,2163
1-079-329-3498,4150
1-079-706-1798,3268
1-079-776-1726,1445
1-080-464-2110,1334
1-081-901-8739,1149
1-085-020-0021,1634
1-085-709-6202,4455
1-085-863-2841,4802
1-087-089-6115,4615
1-090-254-0119,4323
1-091-283-8179,814
1-095-162-1792,1759
1-096-151-0264,821
1-096-757-3676,3874
1-096-853-9575,3708
1-099-214-5254,1611
1-102-509-2858,2823
1-105-029-8716,4287
1-110-091-6555,499
1-110-879-9233,1444
1-112-449-3455,3312
1-113-966-5217,1903
1-117-116-8501,2619
1-117-498-2153,2429
1-117-507-6972,803
1-119-992-1222,4925
1-124-761-2061,4598
1-125-856-2572,2114
1-127-738-7514,4355
1-134-286-8174,4727
1-135-238-7836,1683
1-138-345-1435,1920
1-138-776-6659,4812
1-142-514-4108,2265
1-146-265-5099,984
1-148-014-9345,1265
1-150-810-9350,1506
1-151-307-3797,1574
1-151-415-6501,4046
1-152-080-8297,4325
1-153-797-3070,3068
1-154-788-6221,1212
1-155-713-7864,3004
1-158-654-8520,3860
1-161-114-4622,907
1-165-882-8863,1503
1-166-005-3895,3430
1-174-683-2646,2540
1-175-528-5962,2582
1-176-012-7790,1850
1-176-178-4320,2720
1-178-075-2830,3035
1-179-251-1018,2584
1-180-058-7205,3961
1-180-640-2532,4586
1-183-748-2889,4066
1-191-768-1361,3309
1-193-023-0884,796
1-193-840-1063,2297
1-195-655-8255,2028
1-197-333-3109,1714
1-197-718-5378,4973
1-199-998-8412,1358
1-200-311-6804,3518
1-203-183-5654,1769
1-203-912-6301,550
1-203-984-1262,1106
1-205-064-4832,3294
1-206-115-6172,1507
1-208-798-8123,3761
1-215-940-1603,915
1-216-678-7664,4077
1-217-266-5951,2865
1-218-238-3051,3015
1-220-766-4477,3181
1-221-256-6550,4475
1-230-607-5784,601
1-240-336-5615,2026
1-240-483-9469,3609
1-241-325-7544,1199
1-242-243-2720,4710
1-243-116-9362,4507
1-243-554-0954,4917
1-243-818-2390,4605
1-246-474-8784,2895
1-249-008-5722,1162
1-250-463-8937,647
1-252-613-3767,4520
1-253-063-9226,3662
1-254-434-1367,2401
1-254-822-6060,2676
1-255-138-6522,2936
1-255-384-4182,1538
1-256-430-0104,306
1-257-983-7256,2347
1-261-414-1573,4619
1-261-467-7612,58
1-262-604-6703,120
1-267-884-8517,780
1-269-920-2471,2003
1-272-908-5171,2912
1-275-163-4872,2257
1-276-307-2146,1203
1-277-612-2429,516
1-282-764-6563,3629
1-283-325-7374,3790
1-284-799-6759,3582
1-291-784-3504,2043
1-296-843-3266,3078
1-298-105-1576,4417
1-300-778-7954,1556
1-300-922-1099,4891
1-301-184-4260,866
1-301-586-5764,244
1-302-595-5083,4119
1-305-223-1879,2470
1-312-669-9486,3066
1-315-683-5993,1831
1-319-372-5679,1234
1-322-622-6534,812
1-323-781-8764,4614
1-325-142-4701,1687
1-329-410-3478,3320
1-331-350-1663,1205
1-331-960-8318,129
1-334-000-3233,1283
1-336-483-2099,411
1-338-066-4560,3678
1-339-229-8927,191
1-341-515-1504,252
1-342-119-2184,360
1-345-066-4298,4298
1-345-327-5719,1041
1-348-306-5463,2422
1-353-882-4471,1461
1-354-553-6792,119
1-360-998-9813,1771
1-361-350-4829,1095
1-371-541-3339,4266
1-372-914-8926,1081
1-377-170-8359,25
1-378-909-0540,2652
1-382-956-5668,4538
1-387-872-2267,2121
1-389-998-7254,4416
1-390-318-5925,1814
1-390-901-2437,4631
1-391-319-2211,224
1-394-266-4052,2481
1-399-581-8153,1215
1-400-497-1965,4122
1-401-082-3346,2874
1-401-839-9901,3940
1-402-264-3174,1691
1-402-550-7305,1511
1-403-055-5711,612
1-405-099-9619,787
1-405-444-5562,3355
1-407-526-6612,593
1-409-962-6469,3342
1-413-655-8001,1899
1-414-248-6120,1921
1-414-872-8254,4133
1-415-320-2540,1322
1-418-588-1647,961
1-418-919-6347,1073
1-419-198-3579,3289
1-423-199-7913,2302
1-424-457-0260,2283
1-426-205-6353,1474
1-427-432-7171,2187
1-429-286-8663,4343
1-431-512-8527,2471
1-432-321-4639,2344
1-436-081-6325,1479
1-436-101-3654,3056
1-436-752-9240,745
1-438-773-2827,3007
1-439-630-0516,979
1-440-769-8323,1910
1-446-597-1236,1515
1-451-546-1859,1245
1-454-421-3645,2813
1-455-737-8015,770
1-461-182-2856,648
1-463-075-2927,3544
1-467-632-8193,4574
1-469-303-3305,3075
1-472-519-1661,3034
1-473-984-7161,968
1-474-631-2945,4337
1-475-619-9403,3478
1-482-675-2908,627
1-484-647-8175,3487
1-490-451-7419,395
1-492-895-8328,2536
1-496-611-0152,4880
1-501-247-4248,2941
1-504-880-1596,2488
1-505-223-5721,700
1-508-606-9321,3495
1-508-930-8762,1432
1-509-125-7340,4843
1-509-928-4794,3137
1-510-888-3102,2714
1-513-682-2103,300
1-514-493-9345,59
1-516-934-8693,3984
1-518-784-8654,1292
1-521-154-2110,1862
1-531-910-7700,4680
1-534-306-0486,2542
1-536-017-5378,438
1-537-191-2825,104
1-538-934-0993,363
1-539-888-4304,1136
1-541-617-3747,1803
1-545-975-0666,3297
1-546-796-5561,24
1-551-963-2835,775
1-552-698-3278,1059
1-553-065-3012,581
1-555-491-8965,3459
1-556-913-1740,944
1-558-448-9967,4418
1-559-326-7693,426
1-568-363-6192,4
1-574-072-7480,1828
1-580-126-2753,3653
1-580-219-1561,4317
1-580-963-4177,3245
1-581-587-2188,1110
1-583-339-1226,3375
1-584-723-1228,3415
1-587-037-1598,3027
1-588-263-4278,1118
1-589-506-4182,523
1-590-004-5772,2122
1-590-916-1911,1590
1-591-213-8526,1602
1-592-051-1989,3612
1-592-401-9800,779
1-593-021-9856,391
1-594-624-8002,1079
1-595-452-8477,721
1-597-296-0844,2659
1-597-718-5364,2658
1-598-226-6652,2821
1-599-604-4123,1274
1-599-978-4106,4904
1-600-933-8380,819
1-603-456-2050,423
1-603-912-9018,4855
1-604-704-7361,2814
1-606-979-3453,1024
1-612-051-4965,1396
1-613-037-5943,1890
1-613-374-9343,1655
1-613-599-5039,2126
1-613-938-3088,972
1-614-002-0395,4406
1-615-417-2323,257
1-618-593-6644,3780
1-619-203-8430,3712
1-619-256-8436,4204
1-622-025-8696,3051
1-622-123-3290,1067
1-623-698-3838,1579
1-623-743-7189,2985
1-623-772-7626,440
1-626-460-7235,2697
1-627-478-5590,1379
1-627-574-1653,4322
1-629-320-2471,2894
1-632-330-4662,1822
1-632-942-4748,3061
1-633-212-0802,3272
1-635-858-2719,4012
1-637-967-5374,3853
1-638-849-5266,4492
1-639-075-5479,3316
1-639-376-0390,4173
1-640-670-8573,1221
1-644-127-5800,937
1-644-255-6026,2654
1-648-223-7722,2975
1-648-368-9054,145
1-648-876-2319,828
1-649-498-3774,283
1-650-439-4638,3694
1-653-406-6677,1785
1-653-411-9751,3390
1-657-519-8332,3848
1-661-816-0668,3293
1-663-897-8251,2875
1-664-193-0463,4661
1-671-715-9294,3193
1-672-996-1070,2315
1-674-425-2482,4729
1-676-438-3066,2715
1-679-497-1615,2157
1-688-180-2301,2107
1-688-753-0862,3798
1-695-603-7339,3074
1-696-451-6393,1477
1-697-574-1394,2973
1-698-985-4486,1549
1-700-022-4853,4295
1-702-277-8579,339
1-703-067-0381,4879
1-703-340-2400,2349
1-710-887-3832,688
1-712-018-5625,3335
1-713-050-7128,2071
1-717-003-7304,324
1-717-121-0598,2910
1-719-125-5652,3975
1-719-325-9778,2123
1-724-031-5740,2942
1-725-245-0713,3252
1-725-918-6927,3664
1-730-614-2515,1936
1-731-921-7615,2775
1-734-266-1887,1917
1-734-578-6691,3751
1-738-802-1071,4281
1-739-180-1478,4663
1-739-412-1601,3198
1-743-786-2190,683
1-743-874-9836,2292
1-746-618-4599,63
1-747-846-9589,4947
1-754-571-3359,2048
1-754-987-5638,3574
1-756-158-6078,401
1-756-863-9597,4764
1-762-067-5491,2448
1-763-845-2331,2023
1-764-824-1616,3448
1-767-804-6173,2831
1-769-045-1969,3216
1-770-941-2637,1049
1-771-724-8354,1522
1-772-135-5686,4514
1-778-882-9901,3238
1-779-119-0562,582
1-780-915-3597,1542
1-783-796-4193,3364
1-784-896-7418,3154
1-785-747-3889,3414
1-786-222-3365,586
1-793-152-3872,2946
1-796-485-2221,78
1-797-648-4420,364
1-799-670-4188,2064
1-801-471-3471,1470
1-808-491-5212,2664
1-808-538-8968,4424
1-808-867-7577,3292
1-812-165-1116,4086
1-821-183-4363,3581
1-828-973-5819,3020
1-830-792-3449,4901
1-830-963-7976,4519
1-839-248-1775,4307
1-840-635-3652,2603
1-842-859-6403,1823
1-843-092-7347,4684
1-843-249-8282,817
1-843-559-6441,2978
1-845-040-6034,2373
1-850-641-0274,4640
1-851-597-8150,2328
1-855-642-8069,2385
1-856-007-4021,4476
1-859-858-2811,4528
1-860-538-8119,4852
1-860-543-4565,44
1-861-093-8906,3943
1-863-021-9371,4441
1-864-769-5615,1523
1-866-742-0010,3449
1-866-971-4439,923
1-867-669-2947,3756
1-867-975-3999,1300
1-868-553-3189,1278
1-869-685-8065,526
1-870-803-7840,2981
1-871-498-2162,4044
1-873-121-1209,4237
1-876-482-5981,1014
1-880-459-5050,174
1-881-320-7064,2763
1-883-827-0654,282
1-884-777-3967,1313
1-886-402-5087,165
1-889-757-8840,624
1-889-836-0539,3704
1-894-751-1102,748
1-895-131-5805,2383
1-896-617-2342,2999
1-897-560-8215,3132
1-897-959-0148,2193
1-901-475-3302,3423
1-903-193-9854,646
1-906-871-6131,2610
1-909-637-0891,1226
1-910-341-5160,380
1-910-440-2072,1790
1-910-467-5884,2492
1-910-752-6152,278
1-914-612-1027,3745
1-916-828-2195,2419
1-917-432-2653,870
1-917-843-1412,4064
1-918-243-4904,3290
1-922-682-2932,3887
1-924-663-0102,2795
1-926-429-8137,1794
1-927-939-3983,240
1-932-177-5026,435
1-936-576-4226,1902
1-938-656-4562,2147
1-940-159-0272,3384
1-944-386-1217,1196
1-944-881-0662,4958
1-947-323-5285,124
1-950-021-8029,456
1-950-826-9436,895
1-951-667-1239,2097
1-955-609-1786,2963
1-958-366-9999,889
1-959-014-3890,673
1-960-285-9357,1844
1-960-913-5802,3988
1-963-960-7508,2170
1-967-676-3956,2359
1-968-064-0910,1005
1-973-811-7186,1382
1-973-951-6629,519
1-974-644-5028,4490
1-976-384-3037,2857
1-979-328-6936,4297
1-982-429-2522,10
1-982-499-1441,1943
1-986-151-0667,1575
1-986-264-9788,1551
1-986-695-8986,1625
1-988-064-2533,3109
1-988-669-6385,873
1-989-354-8524,2550
1-989-942-9578,4910
1-990-101-9258,232
1-994-180-7117,4676
2-001-312-8119,425
2-002-238-7540,4667
2-004-076-8707,4956
2-004-458-5247,2479
2-004-528-6444,1983
2-007-783-8173,4585
2-008-054-2416,4571
2-008-645-6025,4760
2-009-278-7978,2405
2-010-831-6408,4646
2-014-114-4283,2801
2-015-020-0811,4791
2-015-850-9291,2986
2-016-389-6532,3578
2-016-762-9097,2402
2-021-033-9660,4393
2-023-567-7792,370
2-023-691-5970,4370
2-025-382-8502,451
2-026-160-4218,2130
2-027-677-4998,3274
2-031-818-8260,1659
2-032-869-7118,407
2-033-899-8544,3926
2-034-960-5033,4092
2-037-543-4112,3421
2-045-620-8525,2433
2-048-144-8740,4356
2-048-928-6294,180
2-049-435-3657,2277
2-050-771-7723,2545
2-053-846-6279,359
2-058-097-5992,2142
2-060-912-7025,4929
2-064-852-3505,1804
2-066-625-7720,4226
2-070-752-7058,692
2-072-813-2906,2411
2-073-446-3559,23
2-077-178-8981,4074
2-077-526-4444,2452
2-077-639-9975,1887
2-079-917-9953,912
2-080-857-1497,166
2-081-604-7029,1093
2-083-942-4365,864
2-085-913-9483,573
2-086-913-0994,54
2-093-981-5507,1985
2-096-109-9033,1876
2-097-622-3824,1398
2-109-733-2105,2262
2-109-758-7504,4617
2-112-191-5923,1995
2-114-502-6629,1961
2-115-916-0118,4629
2-117-100-8369,918
2-120-378-2427,1500
2-121-277-7288,2199
2-121-701-8626,4870
2-122-808-9158,1518
2-124-669-6720,539
2-129-519-2776,31
2-144-963-9273,4678
2-145-753-3628,583
2-146-027-6658,882
2-148-990-0771,509
2-152-357-2846,4212
2-153-671-9537,1025
2-154-002-5371,1255
2-154-268-0007,4966
2-157-716-2339,4054
2-168-116-7090,390
2-169-621-6563,2200
2-172-591-8435,4608
2-173-255-9109,3504
2-176-117-8282,3563
2-176-914-1260,4887
2-176-967-0585,4953
2-178-577-8302,687
2-179-287-8952,4387
2-179-426-7173,2154
2-179-721-3948,3480
2-181-367-1700,2989
2-182-578-9197,3646
2-182-754-5753,863
2-183-150-8079,3377
2-185-153-5500,3465
2-186-138-8743,4723
2-187-235-9754,4808
2-190-051-2782,4740
2-190-460-2478,2290
2-190-843-0533,1366
2-192-902-8150,3713
2-194-744-8564,4104
2-200-373-7953,3696
2-200-862-5557,1748
2-201-708-3630,4969
2-201-895-2995,1913
2-203-005-7059,2901
2-205-967-1908,4069
2-212-804-6286,3463
2-218-511-7996,1240
2-220-954-5426,3064
2-224-228-0325,4222
2-228-113-8566,2487
2-229-126-3985,1565
2-229-912-3148,996
2-233-195-9989,1531
2-233-383-0638,4854
2-234-355-7770,2134
2-239-099-9070,1275
2-240-747-7154,3281
2-241-300-1609,1411
2-245-816-5870,823
2-247-447-2252,710
2-248-541-3963,1868
2-250-178-1661,4968
2-250-299-1643,1299
2-254-060-9977,1940
2-256-029-6409,755
2-258-990-6893,2686
2-263-614-0862,4865
2-265-367-6266,886
2-273-613-8434,1869
2-275-743-2047,1577
2-277-388-7855,4229
2-283-270-5059,4003
2-286-291-9722,3935
2-298-453-5163,3148
2-301-748-3720,2266
2-304-159-0023,2829
2-305-988-0665,2705
2-307-272-2535,3743
2-311-545-6232,3081
2-312-081-5016,309
2-313-740-7221,790
2-317-270-0588,1317
2-318-591-6882,862
2-318-907-3320,2354
2-320-593-8378,2001
2-320-804-2151,3447
2-325-023-2938,3097
2-326-244-1528,3878
2-326-623-5089,4592
2-332-177-5486,2617
2-333-639-9280,4036
2-334-164-5179,4415
2-334-777-5362,4341
2-335-388-2126,3947
2-336-092-3120,2312
2-338-937-2732,3956
2-340-108-0050,1433
2-341-514-3098,682
2-342-367-8265,4055
2-350-734-2085,3453
2-353-012-0374,2379
2-353-343-7339,445
2-353-780-9273,3847
2-355-565-2527,2808
2-359-116-3949,640
2-361-064-8782,27
2-364-253-8353,3202
2-364-692-1786,4926
2-368-150-4143,2445
2-369-391-5757,2693
2-370-991-2411,512
2-371-259-3754,1027
2-371-726-7836,1471
2-372-030-0384,788
2-372-323-3058,1326
2-372-613-2435,3575
2-374-533-5616,198
2-380-017-6495,2441
2-389-618-0232,1812
2-392-383-6519,2244
2-392-603-4642,4609
2-399-547-7848,3906
2-400-863-8541,2649
2-403-491-9825,957
2-404-508-4605,4279
2-404-989-1429,3197
2-405-123-3224,2510
2-405-147-5784,3545
2-408-150-4150,2558
2-409-059-9162,2644
2-410-120-8481,1010
2-410-345-3993,1932
2-410-394-2099,431
2-411-641-2328,1514
2-412-753-9302,2444
2-413-379-8818,2571
2-417-109-3924,343
2-424-405-5569,3354
2-426-000-5719,182
2-428-135-9649,707
2-428-137-0984,3435
2-429-983-9756,1076
2-431-188-9463,2631
2-433-201-9937,2824
2-435-992-1373,1476
2-436-598-9022,2102
2-437-559-7247,3617
2-437-843-9895,1435
2-440-954-0167,4196
2-442-402-9472,3310
2-443-517-3584,2504
2-443-944-7183,2207
2-446-580-8193,2418
2-450-674-4299,2057
2-454-488-5897,1959
2-454-662-4775,4991
2-456-194-3511,4977
2-459-298-7884,1269
2-463-195-1901,3067
2-463-700-4522,816
2-464-550-9398,1652
2-464-916-9456,3224
2-469-426-3889,262
2-469-697-6431,1496
2-472-341-2959,4931
2-473-462-2571,4439
2-479-711-2911,2406
2-479-900-8508,3381
2-480-829-7367,1418
2-481-696-6649,135
2-481-924-7024,2319
2-483-457-4136,2557
2-484-021-9903,887
2-486-956-9522,1439
2-492-840-9165,1847
2-497-410-6304,3041
2-498-309-1301,1259
2-500-234-7072,2247
2-506-463-6366,2563
2-511-621-3059,1088
2-512-195-8686,2258
2-512-208-0946,638
2-513-516-3420,2922
2-513-896-4187,3822
2-514-742-6069,3601
2-515-046-4803,1075
2-515-318-2581,4113
2-516-692-7396,3589
2-517-284-0649,1498
2-518-289-9427,3671
2-519-128-9182,446
2-522-665-7948,4699
2-523-885-4274,625
2-527-013-9686,564
2-527-268-1073,4943
2-528-136-2614,3966
2-528-610-6275,4633
2-533-709-3928,2420
2-535-906-8230,4978
2-536-459-6113,546
2-538-947-4913,291
2-541-995-0914,3100
2-542-179-7039,549
2-542-482-8426,4121
2-543-333-9602,3288
2-547-824-9649,2605
2-548-639-1089,534
2-549-938-3120,3922
2-553-715-6680,162
2-555-665-2980,1415
2-556-983-4350,2846
2-559-799-3419,799
2-563-918-3643,2793
2-565-553-8866,1017
2-565-996-3602,2979
2-566-256-7607,4333
2-566-491-8178,4270
2-569-324-1122,1656
2-577-527-4758,3060
2-579-061-4449,4352
2-580-377-3564,1964
2-580-476-5112,3958
2-583-882-2189,1970
2-585-654-6372,1842
2-586-344-2540,1063
2-593-710-8559,1502
2-594-193-0127,1612
2-595-538-9812,3571
2-595-541-0449,4845
2-596-795-7223,1325
2-601-131-3552,2581
2-602-377-8076,1268
2-602-711-0823,4506
2-606-362-3086,4851
2-608-304-5484,1951
2-611-942-6781,4421
2-612-449-5307,4470
2-613-815-0208,1407
2-614-332-7299,3419
2-614-388-2693,4665
2-617-282-3480,3963
2-617-642-5604,88
2-618-418-1176,220
2-618-526-4386,4309
2-621-305-9051,894
2-623-601-0909,2047
2-625-582-5841,1547
2-625-605-7777,1214
2-626-874-4061,1944
2-627-489-8656,4250
2-628-743-9883,473
2-629-223-3444,4166
2-630-884-8297,3089
2-633-134-2055,4876
2-633-269-2094,3054
2-637-952-3068,835
2-639-106-7935,592
2-645-346-6811,1352
2-647-641-1580,4138
2-649-485-0500,4258
2-650-312-0725,1914
2-652-490-2658,2869
2-652-639-1877,3554
2-653-014-1419,3927
2-659-968-9006,4493
2-662-457-3166,1777
2-667-074-1420,4522
2-668-485-4805,776
2-669-370-3592,1813
2-670-621-7617,1954
2-672-906-6168,1026
2-673-741-6804,2692
2-673-971-5124,2250
2-678-368-0124,1663
2-679-214-6802,2485
2-680-718-1915,247
2-686-038-5268,3091
2-686-491-9583,1606
2-690-237-1876,3866
2-693-932-5583,3236
2-694-864-6259,2902
2-695-592-1990,1419
2-698-036-6633,2341
2-702-875-5258,4749
2-704-141-2286,3358
2-707-743-8307,520
2-708-054-0086,3111
2-709-731-0032,4668
2-711-715-4548,3960
2-713-729-0006,1861
2-714-218-8523,1305
2-717-099-8192,1704
2-718-554-0361,1945
2-724-571-1128,4288
2-726-619-3525,2776
2-726-687-9091,3114
2-730-699-9307,4784
2-732-633-5848,2086
2-734-521-6760,3836
2-737-297-8974,3690
2-737-538-5805,3247
2-742-618-1788,3749
2-743-546-4159,4071
2-750-347-0812,179
2-751-709-6309,1480
2-753-320-5188,3318
2-753-337-2073,3012
2-753-402-7879,1677
2-753-573-1953,1578
2-757-305-7620,2061
2-758-562-2437,4056
2-760-245-8654,2131
2-760-652-6998,4097
2-764-325-8272,2630
2-765-010-5295,1113
2-765-255-3887,4065
2-767-553-3017,2696
2-773-247-9433,1909
2-779-694-9944,4034
2-780-749-7451,667
2-782-247-9136,4786
2-782-773-1298,3506
2-787-362-5611,2030
2-788-222-2023,1873
2-789-441-7968,2800
2-790-334-3058,3402
2-791-283-3906,4635
2-792-909-5683,4939
2-794-593-7500,3183
2-795-720-3844,4084
2-796-388-5940,3719
2-800-202-0655,2748
2-800-649-8339,430
2-805-045-7512,3595
2-806-964-0961,4211
2-808-418-0338,4655
2-809-050-6989,4529
2-809-549-4892,1619
2-810-995-2521,2308
2-812-974-0930,3618
2-814-285-2594,3368
2-815-944-5455,3182
2-818-194-1275,953
2-818-997-2457,976
2-819-721-8885,3231
2-819-849-9257,3424
2-821-037-0558,2738
2-828-113-9406,533
2-828-722-7559,3258
2-835-284-4790,4753
2-837-187-9695,1662
2-837-409-8863,940
2-837-534-3748,990
2-842-046-2791,622
2-844-196-7334,2031
2-844-496-0067,3929
2-845-135-2405,511
2-845-342-4131,3521
2-847-106-7848,4407
2-848-769-6345,3711
2-848-971-7525,826
2-854-899-2730,3157
2-863-551-5763,2144
2-867-075-4342,4236
2-871-093-9198,4263
2-871-781-0217,4781
2-872-128-2081,671
2-873-387-0652,4359
2-875-109-9350,268
2-881-491-8217,2438
2-884-838-6694,2313
2-885-595-2211,4491
2-893-547-1388,4209
2-900-802-7642,4543
2-902-464-5076,2239
2-903-872-7879,2982
2-909-689-2501,4759
2-911-797-4242,4692
2-919-851-5392,3262
2-923-326-2353,2587
2-923-869-7348,4002
2-925-323-0414,1458
2-925-746-7130,742
2-926-875-7032,653
2-926-989-7351,1414
2-928-335-5630,841
2-928-390-7325,3455
2-930-066-8562,4120
2-932-389-5108,3933
2-935-700-1554,1996
2-940-600-4460,327
2-941-389-6252,2195
2-943-359-1625,664
2-946-746-6773,3332
2-948-135-0449,805
2-949-323-0539,3950
2-952-096-6206,2521
2-952-249-2944,2882
2-953-608-5570,607
2-953-841-1522,1159
2-954-531-3414,4638
2-955-125-8620,428
2-955-164-5670,3584
2-955-168-8619,4459
2-956-283-8282,1631
2-958-525-9039,2357
2-961-813-4414,2294
2-962-748-5654,3059
2-965-132-4318,308
2-971-573-1529,585
2-980-434-0379,3023
2-986-005-8050,3857
2-990-573-8548,1111
2-991-859-8151,784
2-992-127-4498,2725
2-993-355-9216,2607
2-997-911-1982,4738
3-002-294-4736,475
3-005-490-8009,1539
3-009-832-9814,2576
3-010-535-8798,114
3-011-404-7875,2041
3-011-972-0185,572
3-012-114-4359,2453
3-018-887-4282,1460
3-019-339-9769,2900
3-021-410-1978,2702
3-023-635-3064,4308
3-026-238-5102,2533
3-027-254-3336,3908
3-027-541-1001,1849
3-027-603-7554,2583
3-028-395-0318,4945
3-030-656-8569,1180
3-032-875-5747,1231
3-036-636-6123,2838
3-042-222-9646,2197
3-044-748-8470,2575
3-046-416-3008,3742
3-047-344-0654,2099
3-054-610-8379,1520
3-056-412-0463,1438
3-056-562-5010,898
3-060-446-1332,769
3-060-827-8418,746
3-064-387-6992,1779
3-065-761-7563,3019
3-066-870-7889,3945
3-072-432-7108,362
3-073-978-1043,4849
3-075-038-6581,4050
3-076-488-3213,2593
3-078-970-0552,4112
3-081-333-0254,1447
3-083-278-3264,4035
3-084-044-9955,1905
3-086-025-9686,2638
3-087-041-7716,2178
3-090-205-3382,994
3-090-633-7029,4867
3-091-873-0337,1712
3-092-446-9658,1200
3-098-185-0716,489
3-099-854-3788,3934
3-102-168-1059,215
3-103-638-9952,3123
3-104-418-3696,2632
3-106-511-4271,361
3-110-094-8644,3746
3-112-356-3677,4634
3-114-263-0039,3259
3-114-392-9643,336
3-114-714-3107,1055
3-115-678-7325,3787
3-116-648-3189,3392
3-117-337-6889,4192
3-117-435-1408,4940
3-117-931-5077,107
3-122-449-4449,1469
3-123-777-8351,3055
3-134-987-1360,2573
3-139-148-5329,2556
3-139-410-3541,1878
3-141-459-7766,1833
3-142-523-7246,4020
3-143-452-2259,141
3-143-810-5062,4539
3-144-561-3104,2295
3-144-821-7795,2227
3-145-652-3624,4197
3-149-530-6882,852
3-151-997-8288,115
3-152-006-6152,1686
3-152-044-6379,1069
3-158-311-5726,3843
3-158-528-4256,1271
3-159-752-3216,1008
3-164-445-5054,3479
3-168-043-7524,1818
3-169-399-6888,1559
3-170-712-6106,2600
3-171-532-5646,4218
3-174-562-0888,2645
3-177-330-7911,2484
3-177-926-7310,3596
3-181-768-2932,4116
3-183-063-1576,3030
3-188-716-0063,2446
3-189-120-1355,1705
3-190-058-3716,4844
3-190-090-0560,3802
3-192-249-9957,2127
3-195-702-9205,4530
3-199-436-7130,4955
3-202-649-0499,173
3-207-197-7550,2887
3-207-787-4327,4928
3-209-641-8863,2489
3-214-742-6315,2837
3-217-586-1226,4465
3-219-445-5117,3278
3-222-910-3870,4805
3-223-566-2967,3444
3-223-777-8977,2668
3-226-211-4736,4384
3-230-145-3055,1061
3-232-588-2163,1116
3-236-466-1643,2012
3-240-393-7006,4754
3-242-646-1363,1546
3-243-689-0514,3919
3-243-741-1433,2675
3-243-849-7723,3680
3-243-899-1088,3776
3-244-437-2228,4083
3-248-720-3131,855
3-251-038-1613,3762
3-251-863-6063,709
3-252-166-7487,2929
3-252-291-8585,2643
3-260-258-4414,553
3-264-411-9678,2744
3-266-088-4236,4937
3-266-707-8129,963
3-267-399-2899,4794
3-268-155-8135,4267
3-268-916-3748,3306
3-271-541-8543,1926
3-273-925-1131,1978
3-273-929-7417,4098
3-274-572-6068,4285
3-274-872-6473,2641
3-275-092-9823,2535
3-276-391-6051,1284
3-277-230-1192,3394
3-279-652-4719,2486
3-281-355-7798,4531
3-282-341-0418,2889
3-284-397-1004,4795
3-285-089-9604,2079
3-287-124-1179,2331
3-290-071-4103,330
3-292-730-2182,2330
3-293-555-8452,2496
3-295-849-0723,189
3-298-874-4300,3162
3-301-658-7994,1120
3-305-956-1370,3549
3-309-015-9943,116
3-311-096-5138,1958
3-312-750-6093,2520
3-314-198-0014,3576
3-316-911-7354,2940
3-318-790-7080,1327
3-320-073-1958,2880
3-320-183-1796,2212
3-321-492-1974,3832
3-323-207-5937,2984
3-324-498-7995,4483
3-326-896-4267,4413
3-333-125-5648,4282
3-335-604-4995,3113
3-336-145-8824,3267
3-338-227-2013,2289
3-338-582-3308,3665
3-339-101-0238,3239
3-339-208-2161,1179
3-340-140-2329,3323
3-344-564-0216,1698
3-345-407-7979,3925
3-346-018-8972,1948
3-346-973-8555,567
3-355-341-7019,1207
3-356-032-8923,2051
3-361-633-0241,4924
3-362-021-1654,1988
3-363-497-9551,4019
3-364-317-4283,4254
3-366-334-5157,3620
3-369-393-5837,3758
3-371-924-2100,4915
3-376-347-2158,3773
3-376-838-2896,1091
3-376-971-7159,913
3-377-778-9428,239
3-377-801-4474,906
3-378-327-0529,3138
3-381-374-6951,82
3-386-172-3229,146
3-389-370-8327,2245
3-390-250-6643,2150
3-390-636-9771,4821
3-390-653-2214,2569
3-390-774-6339,785
3-391-292-9895,2585
3-391-348-3536,4850
3-392-625-7555,4123
3-397-715-2677,4652
3-398-953-1674,210
3-400-351-6073,2843
3-400-636-4290,3592
3-401-198-5048,4656
3-401-639-3191,2119
3-403-748-4944,3360
3-404-329-9569,1391
3-405-882-4053,2139
3-407-634-8245,3936
3-408-269-5971,2691
3-408-764-3392,2606
3-410-910-3021,921
3-411-607-8547,4013
3-416-380-1130,1881
3-417-138-1073,4156
3-422-770-3145,4675
3-425-482-9917,4130
3-427-115-6933,3598
3-428-277-7987,3282
3-429-452-8099,2615
3-429-870-9531,1934
3-431-056-9244,2254
3-431-811-4867,859
3-432-366-1943,2235
3-433-435-3494,718
3-433-799-7105,4178
3-435-813-6176,4360
3-436-717-9686,3917
3-437-290-1151,230
3-437-725-7522,4256
3-438-819-1169,1799
3-439-818-0661,2897
3-444-122-7695,1167
3-445-626-7838,2797
3-446-083-3652,4326
3-449-341-1060,3562
3-451-784-5937,4009
3-452-794-2186,1446
3-453-052-9065,3073
3-453-919-5867,2425
3-454-657-4514,1356
3-455-761-6426,4913
3-456-707-8504,4526
3-457-946-3902,1781
3-464-808-4051,1102
3-472-597-3522,1428
3-472-889-1023,1201
3-475-535-1094,2674
3-475-905-0431,1573
3-476-526-7405,225
3-478-762-7092,221
3-478-962-0925,2
3-481-798-9342,2640
3-483-986-7178,4533
3-487-120-0423,3676
3-488-641-7435,4636
3-489-739-8059,752
3-489-804-7134,2194
3-491-173-8411,1701
3-491-499-6748,2700
3-491-805-2428,933
3-492-474-0663,4893
3-494-048-8197,3006
3-497-328-7591,106
3-499-561-1750,458
3-503-196-2370,2464
3-510-082-6519,662
3-512-445-8563,1130
3-514-390-8056,2947
3-519-442-8057,4747
3-521-210-1775,372
3-523-723-9225,1376
3-526-277-4234,628
3-530-450-4422,1845
3-531-642-6540,1623
3-536-382-8916,3684
3-536-652-6037,713
3-537-798-5355,3344
3-539-772-6930,1157
3-541-231-0947,1015
3-541-569-5884,4028
3-544-253-3455,563
3-547-943-4679,1086
3-549-160-6585,3885
3-552-398-9422,3628
3-555-022-6228,444
3-556-261-2485,4107
3-557-144-9349,4201
3-559-524-1142,3242
3-560-463-5835,3000
3-561-718-2804,369
3-562-548-0337,3452
3-563-545-9419,1094
3-564-765-7699,4015
3-567-235-2235,4053
3-568-391-3517,3579
3-569-245-2854,2014
3-574-192-2963,4027
3-574-486-5385,1639
3-577-636-5619,2931
3-582-738-0703,1478
3-585-040-6872,3806
3-587-779-6739,580
3-588-079-6760,4573
3-590-668-2981,2509
3-594-596-4168,195
3-599-009-5946,3441
3-599-591-4817,3454
3-600-087-3552,3093
3-602-346-6646,1431
3-608-706-6552,4137
3-610-549-7163,317
3-611-131-6612,2881
3-612-362-1307,3403
3-612-994-1751,4067
3-613-925-6087,4409
3-613-953-4651,467
3-616-033-6939,978
3-617-479-0946,4593
3-619-374-3269,679
3-620-639-9085,2672
3-622-272-1142,945
3-622-407-4989,4024
3-624-264-1119,1912
3-628-571-6263,1957
3-628-941-5682,1904
3-629-804-0335,2206
3-630-037-2341,2622
3-634-975-0129,1328
3-639-306-7047,305
3-646-284-0280,1906
3-646-569-7851,3991
3-647-560-1679,1947
3-648-985-5128,348
3-649-276-9970,436
3-650-665-3360,3349
3-651-569-9016,1117
3-653-539-6274,3212
3-658-329-6844,837
3-661-270-8968,4039
3-663-844-3168,876
3-667-909-2273,4482
3-669-806-5038,3528
3-669-849-1422,2628
3-671-751-7457,3570
3-671-761-1225,3594
3-671-791-2392,4869
3-674-044-5257,4918
3-674-836-1805,1385
3-677-500-1182,1286
3-678-179-1957,2222
3-678-691-7168,4000
3-680-727-3767,4390
3-681-504-4156,1168
3-682-224-5575,3500
3-683-262-1484,1375
3-686-424-7965,959
3-687-150-4276,1894
3-689-563-8266,930
3-691-912-2635,2781
3-695-738-2840,3550
3-695-899-1080,774
3-695-941-2431,4883
3-696-265-3230,1316
3-700-306-0978,1874
3-700-668-2729,733
3-700-942-4702,2723
3-701-928-3900,2248
3-708-229-1729,3494
3-708-679-2008,1354
3-708-701-8430,4688
3-708-707-5240,1264
3-708-717-0801,2186
3-710-267-9418,3909
3-711-322-0768,4131
3-711-364-4463,255
3-713-240-3097,344
3-716-097-7756,434
3-716-133-8886,2828
3-716-364-9218,925
3-723-235-7473,4518
3-727-473-3689,1589
3-729-979-2244,1676
3-738-181-3767,554
3-738-917-3604,1798
3-739-819-2472,4967
3-741-350-0854,2498
3-746-670-6834,4620
3-750-571-8379,556
3-751-545-7666,3461
3-752-465-9022,92
3-753-741-1034,1163
3-759-865-5643,1109
3-760-018-1408,1291
3-765-632-2760,3411
3-771-052-7474,2024
3-777-106-6714,4810
3-779-091-1029,1597
3-780-242-6327,424
3-780-779-6721,4162
3-785-262-8360,1331
3-791-248-8027,1133
3-791-671-3746,3129
3-792-831-9704,2218
3-794-102-9804,4959
3-795-527-2852,781
3-796-625-7167,768
3-800-803-2269,851
3-801-513-5757,396
3-806-638-6373,2508
3-807-015-6845,1310
3-808-704-2183,2737
3-809-425-3103,4835
3-810-805-5672,4436
3-812-941-5333,2768
3-814-015-0373,3362
3-814-344-6214,3468
3-815-374-6418,3631
3-815-555-4301,1635
3-822-501-6533,4284
3-824-098-4762,3735
3-824-484-1990,1324
3-827-202-5482,3650
3-827-753-5181,2994
3-831-558-0659,138
3-832-858-8333,4761
3-833-517-4261,3924
3-834-144-6673,2062
3-834-926-4294,30
3-835-684-5072,3972
3-847-475-6987,4540
3-849-429-4995,140
3-852-774-0477,1429
3-853-391-7701,4366
3-855-415-7560,4445
3-857-845-2497,2876
3-858-277-2300,2110
3-861-413-0386,1371
3-862-076-5592,2885
3-863-330-9504,584
3-865-268-9547,3679
3-866-562-3311,2141
3-869-315-7746,4993
3-869-686-0302,3685
3-870-296-8195,2093
3-870-793-3435,403
3-874-042-2932,1289
3-874-470-9423,579
3-877-168-0936,4595
3-879-685-9940,2750
3-883-110-2931,1123
3-886-752-4494,1753
3-887-167-6186,3953
3-894-750-4857,2263
3-898-382-0096,4988
3-899-293-1261,867
3-901-479-8791,3226
3-901-719-8978,4117
3-902-624-1389,969
3-907-966-0768,2883
3-909-118-5016,548
3-912-465-4697,22
3-914-487-8035,3872
3-918-368-5842,1392
3-919-697-1142,1248
3-920-559-9738,1678
3-922-468-3183,967
3-925-891-8460,3821
3-927-618-8616,3688
3-927-855-3599,1273
3-929-499-5429,3955
3-930-090-4105,4213
3-930-141-3160,763
3-930-617-8362,3728
3-936-895-2312,1952
3-941-617-1239,3331
3-941-676-4313,2368
3-944-724-7960,399
3-945-411-4091,5000
3-946-858-5056,314
3-947-580-8673,3870
3-947-736-1846,3163
3-948-651-6304,1413
3-948-892-3755,3031
3-951-126-0484,13
3-953-358-7781,2424
3-955-403-6537,1616
3-956-731-3672,1320
3-957-230-7824,2288
3-957-441-7741,3644
3-959-432-7355,4059
3-960-791-9285,2267
3-962-694-3136,1490
3-962-914-2138,2370
3-965-033-1131,501
3-972-151-4110,1707
3-973-056-4743,2316
3-977-929-3591,2799
3-981-925-2355,1054
3-985-881-1041,3119
3-987-666-4424,2363
3-987-949-2018,325
3-990-663-2180,3156
3-990-989-6595,480
3-992-940-5605,2173
3-998-198-6591,1761
3-998-203-7627,1071
4-000-258-2950,4662
4-010-020-6520,1732
4-011-203-1909,2221
4-011-739-5019,2459
4-013-501-4648,2078
4-014-404-2697,1052
4-016-111-0013,4814
4-016-439-9743,328
4-016-583-5067,2528
4-019-035-3308,4735
4-019-563-5124,611
4-023-280-7929,2477
4-025-632-2214,1989
4-027-569-5402,290
4-028-565-6224,4268
4-031-524-9659,1453
4-036-155-1319,4136
4-037-247-9311,1802
4-038-082-9340,3882
4-044-828-5434,3214
4-045-765-5556,2388
4-049-712-5499,3899
4-054-257-4215,2522
4-056-280-3763,421
4-056-764-7108,3340
4-057-214-5210,1227
4-063-340-3239,1817
4-064-231-3830,3511
4-064-523-8050,4114
4-065-510-5739,500
4-066-331-5857,4889
4-067-050-4226,2129
4-068-194-4468,409
4-074-767-1696,4731
4-077-707-9185,2016
4-082-120-2528,4102
4-086-596-2916,3705
4-088-729-9875,3542
4-088-758-4938,196
4-093-470-1136,1359
4-096-182-4500,469
4-097-190-7486,2019
4-103-493-4846,4730
4-107-065-5982,871
4-110-018-8831,2300
4-110-536-5943,4346
4-112-505-7663,1829
4-112-578-1578,2398
4-113-419-2177,1695
4-115-452-7260,4607
4-117-446-1132,772
4-118-464-0871,1279
4-120-297-0589,532
4-123-404-9813,3959
4-124-851-9590,2447
4-126-392-1955,1319
4-126-775-9903,2651
4-127-632-4431,3241
4-128-313-4728,3588
4-130-633-2819,4568
4-131-385-3857,943
4-132-902-1612,2275
4-138-104-7042,3115
4-142-578-7996,48
4-143-630-3169,1724
4-143-863-4624,1685
4-145-050-9340,2849
4-148-330-6149,4139
4-148-452-8592,400
4-148-495-4153,952
4-151-165-6919,2020
4-158-307-7169,603
4-161-208-9408,652
4-161-809-5584,154
4-163-001-4809,2361
4-163-200-4449,65
4-163-631-0925,2577
4-163-796-3955,3251
4-164-219-0849,1426
4-172-030-8220,11
4-173-146-5165,810
4-173-971-9644,427
4-176-221-0837,2592
4-181-062-8602,2749
4-182-017-7568,1618
4-187-392-3154,320
4-190-975-9203,4785
4-191-069-5713,1882
4-191-526-7577,4380
4-194-532-9367,354
4-195-032-6573,4562
4-195-440-6864,3913
4-195-620-4356,4806
4-198-003-8224,38
4-198-205-4942,488
4-199-047-6029,7
4-199-993-0644,3357
4-200-063-1156,727
4-200-881-9992,2830
4-201-363-9689,1537
4-201-838-5486,3122
4-205-007-9716,118
4-210-234-5502,4129
4-212-921-7125,91
4-213-062-5880,3211
4-213-223-1803,483
4-216-687-9644,153
4-217-355-1167,4856
4-218-147-9740,2004
4-220-675-7680,269
4-225-353-1679,1421
4-229-324-3892,4628
4-229-492-9361,3886
4-229-804-1488,3018
4-234-152-3989,1146
4-234-788-1799,2137
4-236-445-1918,2505
4-237-314-8629,1647
4-240-137-9713,4276
4-240-289-0291,3876
4-240-933-8811,3029
4-250-296-7624,152
4-253-399-2642,2380
4-253-720-4463,4513
4-254-910-3200,4348
4-257-751-5185,2182
4-260-821-7428,3611
4-260-871-8735,3230
4-261-729-6834,1665
4-264-369-2633,1355
4-265-976-7008,2153
4-266-617-6328,4234
4-273-044-6671,1898
4-273-923-1638,3948
4-276-962-4018,3786
4-278-729-0852,844
4-279-166-0576,3001
4-288-156-4692,2021
4-289-642-3568,2736
4-290-398-5911,4694
4-290-788-2911,3379
4-295-617-9909,386
4-295-919-8820,1280
4-298-372-8539,596
4-299-357-0515,1182
4-300-427-7913,2855
4-300-645-1773,4369
4-301-818-6069,379
4-302-372-8216,3772
4-303-547-7455,4181
4-304-045-5452,33
4-306-984-4745,476
4-307-000-2886,3037
4-307-215-4426,4299
4-308-160-2358,829
4-309-597-9161,4670
4-311-312-3328,1190
4-311-581-7050,62
4-312-104-0495,4466
4-312-957-9912,1721
4-313-065-7156,939
4-313-575-2219,4489
4-314-069-6538,160
4-316-411-4685,2177
4-317-942-9812,47
4-324-162-0623,836
4-334-970-5889,3748
4-336-855-9857,3497
4-341-783-7373,3250
4-342-785-6056,125
4-345-691-6955,2992
4-350-315-7860,3615
4-351-150-4834,3753
4-354-084-6630,1489
4-356-815-1783,736
4-357-336-0013,4132
4-360-296-6011,1591
4-361-697-1273,1282
4-363-230-6606,1751
4-379-200-9518,1246
4-381-220-6299,3655
4-381-602-6131,4396
4-389-161-7322,3889
4-392-635-5933,1681
4-394-067-0137,1158
4-397-337-9608,1977
4-397-586-8001,1381
4-400-500-6770,4979
4-400-639-1748,3846
4-405-071-1360,1752
4-407-152-7786,3796
4-410-964-4486,1852
4-412-011-9208,3636
4-413-001-8259,2532
4-414-243-6617,4951
4-415-009-9781,4310
4-415-819-1830,1826
4-418-920-2194,4076
4-419-575-2791,4800
4-420-778-9915,3580
4-421-091-8755,827
4-423-398-1808,2321
4-426-386-9279,2621
4-429-151-3489,1004
4-430-452-0949,3898
4-432-376-8767,2932
4-433-554-3324,613
4-434-923-6182,1621
4-435-397-3325,2074
4-438-175-6479,1323
4-439-141-6489,2476
4-442-016-0964,2217
4-444-030-9333,2246
4-444-767-5374,2285
4-445-523-6352,3042
4-446-204-3549,2716
4-446-455-2211,1563
4-446-922-4898,3296
4-446-945-1589,2898
4-447-670-6510,377
4-448-934-1080,4169
4-449-250-5983,629
4-450-099-3833,3645
4-450-671-5175,655
4-453-452-5364,1443
4-456-479-3086,2842
4-456-586-8053,4469
4-456-909-2483,4804
4-458-774-7501,1811
4-461-200-5418,3416
4-465-668-3899,3134
4-466-539-1448,4834
4-466-641-9243,3808
4-474-231-7107,1938
4-475-794-2768,1087
4-476-502-4447,3456
4-476-794-9634,2514
4-477-105-3028,3732
4-477-516-0611,3651
4-482-221-1071,3942
4-482-696-1462,938
4-483-488-8978,2759
4-492-089-9654,410
4-497-718-4299,3391
4-498-559-4599,1697
4-499-604-7186,767
4-500-701-7656,899
4-500-801-1836,2873
4-501-324-5332,2616
4-505-098-3836,2703
4-506-142-9278,2765
4-506-293-4285,4898
4-506-748-5055,1033
4-507-820-2944,2944
4-509-042-5460,3623
4-512-219-8953,4454
4-512-243-6948,3395
4-515-162-8546,3825
4-518-220-8059,2083
4-518-387-0839,1571
4-523-191-1343,3517
4-523-749-6929,3830
4-523-863-0175,685
4-524-855-3370,3729
4-525-580-5857,2329
4-526-362-2645,4837
4-527-380-6823,4745
4-529-698-6032,4696
4-530-620-0366,3336
4-535-915-3114,4700
4-539-815-2813,4695
4-542-165-6051,917
4-542-550-5908,16
4-543-463-5462,874
4-544-320-1770,223
4-546-201-6096,161
4-547-979-5141,540
4-549-356-8073,872
4-550-172-1200,4194
4-552-254-1368,3317
4-554-735-5956,3409
4-555-615-8542,880
4-557-518-4014,2899
4-558-746-9846,4032
4-560-360-5901,2022
4-563-931-2292,702
4-564-276-7779,3941
4-564-602-2056,69
4-566-365-1944,2687
4-577-190-4055,3169
4-577-875-2275,2543
4-578-731-0060,578
4-582-005-5218,2059
4-582-051-4963,2655
4-582-586-6394,1864
4-586-135-3888,3011
4-588-363-2819,413
4-588-859-1043,1000
4-590-324-9031,76
4-590-357-4202,1301
4-596-932-0305,1209
4-598-163-1953,3076
4-598-879-4183,4410
4-599-343-2604,3095
4-600-843-5419,2394
4-602-456-5265,3301
4-603-233-7024,4935
4-606-708-8151,777
4-609-400-9445,1990
4-614-358-6979,4569
4-618-704-3401,3190
4-619-649-9203,304
4-620-143-0618,1737
4-622-022-1202,1628
4-629-294-6598,1725
4-631-380-0311,2754
4-636-009-4818,4487
4-639-614-4858,2474
4-642-215-6020,1689
4-642-222-4022,3136
4-643-109-1638,2678
4-645-602-5968,3643
4-654-796-5610,1257
4-655-467-5671,1740
4-657-364-3479,4632
4-660-099-7660,1124
4-660-643-2048,36
4-661-338-9280,2430
4-661-457-9873,998
4-662-779-8800,3583
4-664-539-5109,595
4-665-101-3349,2755
4-666-922-1219,1741
4-673-488-1706,1003
4-676-704-1221,312
4-679-486-3506,2684
4-682-417-0141,3215
4-683-399-7835,1082
4-684-253-7021,132
4-684-279-0237,279
4-685-747-0966,4394
4-686-739-6859,2271
4-688-461-4954,4358
4-688-699-5439,4195
4-689-459-8754,3593
4-689-498-6515,313
4-691-410-3281,266
4-693-561-5506,1734
4-694-693-8759,633
4-694-740-0362,2478
4-697-016-2513,2987
4-697-548-2157,2694
4-701-575-1336,3533
4-709-260-7611,4232
4-711-353-8043,3626
4-714-119-3315,1552
4-719-991-0057,2559
4-720-391-4833,1908
4-730-497-9496,1857
4-731-658-9593,2301
4-734-818-2162,2287
4-738-176-8869,392
4-740-606-2860,4716
4-741-335-8238,3658
4-741-978-3887,771
4-744-442-7988,4362
4-745-835-7432,1706
4-750-369-8789,3998
4-750-688-1675,3604
4-751-960-8229,4545
4-755-892-5357,1277
4-756-699-4609,1782
4-757-271-0438,732
4-759-258-0648,1682
4-760-205-4414,121
4-761-674-4784,2089
4-762-015-4592,853
4-765-305-1282,1824
4-766-188-6887,3161
4-768-040-5013,1134
4-769-563-5125,3530
4-771-689-5375,1224
4-771-804-1395,590
4-775-904-4274,995
4-775-956-6543,2325
4-777-119-5522,541
4-777-686-5280,3071
4-779-316-8011,2010
4-781-064-7187,4216
4-782-246-1167,1078
4-783-788-8921,384
4-787-002-2873,3243
4-787-727-7080,3477
4-797-214-3549,1604
4-798-599-3788,3777
4-804-481-0973,4109
4-806-271-9721,4954
4-808-489-1346,4159
4-809-392-6296,3124
4-812-442-6125,4118
4-812-794-3091,2568
4-813-473-1721,4231
4-814-474-1442,1122
4-819-519-0977,4063
4-820-623-3293,1966
4-821-196-6988,3285
4-821-839-9670,1646
4-823-435-1794,1797
4-825-168-9470,3803
4-825-722-2959,3189
4-827-070-0446,2935
4-835-915-9379,2805
4-837-938-7671,3217
4-838-551-0174,3916
4-842-537-0979,1287
4-842-935-8469,4996
4-847-987-2323,1486
4-851-125-4682,2517
4-852-724-8834,95
4-855-630-7103,1455
4-855-694-8273,4612
4-861-151-0136,1599
4-863-267-5943,2681
4-863-492-4326,949
4-866-397-0090,608
4-866-569-2171,4332
4-868-280-1936,4890
4-870-190-2283,2192
4-872-726-5713,1632
4-877-617-1929,798
4-877-909-5707,4259
4-878-032-9220,2549
4-880-657-8715,2162
4-880-680-7580,3057
4-881-661-5725,1787
4-882-240-2591,4167
4-883-874-4448,3783
4-887-268-8981,1062
4-890-567-2214,1999
4-891-884-6439,1726
4-891-993-7668,2306
4-893-783-3479,4365
4-895-535-6199,3785
4-902-537-1530,1135
4-904-847-8873,2251
4-909-511-2647,8
4-910-119-7858,3683
4-912-455-0969,2639
4-918-836-1614,1837
4-920-831-2195,877
4-926-045-5795,847
4-929-514-3560,2132
4-937-098-8361,1252
4-937-114-5225,2138
4-938-018-4338,902
4-942-570-5401,3443
4-945-781-5358,3524
4-945-942-2935,839
4-948-377-3867,2633
4-951-490-7521,2862
4-952-819-7713,1710
4-953-268-5158,3206
4-957-873-7065,609
4-958-710-7395,2204
4-960-095-5011,1767
4-961-330-7447,2591
4-962-335-6041,3107
4-965-775-8292,4079
4-966-705-4184,2101
4-967-663-9425,4017
4-970-671-2480,1251
4-972-036-2356,1581
4-972-070-0738,207
4-972-372-3058,3475
4-981-043-1135,1121
4-990-915-6928,2033
4-991-350-4007,298
4-992-016-3856,2073
4-992-694-2790,86
4-993-049-5985,2183
4-993-516-3759,2038
4-994-121-8242,1236
4-994-850-7062,2274
4-998-022-5788,4368
4-999-988-2147,1350
5-001-607-8075,1883
5-004-105-3904,1270
5-004-780-4447,4157
5-005-611-8136,1649
5-008-565-8156,4690
5-013-199-0575,2784
5-014-114-7034,4534
5-016-203-4896,4277
5-016-942-5579,1494
5-020-625-8648,405
5-020-791-7226,2094
5-023-983-7553,3
5-026-393-5638,4242
5-026-516-2840,242
5-026-737-8279,2434
5-029-629-2623,3305
5-029-720-4777,958
5-031-497-6782,4703
5-031-605-5802,4217
5-035-194-3095,2332
5-035-633-5586,3363
5-041-466-7501,2560
5-041-499-6030,1541
5-041-664-7262,4022
5-043-405-8603,416
5-045-095-2041,2340
5-045-812-4940,494
5-046-822-9714,1840
5-047-974-6795,4446
5-050-320-9215,4345
5-050-526-3643,2342
5-050-722-4780,449
5-051-010-8074,3028
5-052-021-1353,2923
5-056-249-9226,4914
5-056-838-9007,2782
5-058-985-0203,3559
5-059-360-1609,514
5-065-368-1194,2566
5-066-342-4094,4841
5-071-883-5970,3877
5-072-225-3823,4110
5-083-072-9379,1648
5-087-303-2148,824
5-088-914-5250,909
5-089-006-6245,1128
5-090-215-0230,2374
5-092-146-5200,1330
5-094-914-6320,2133
5-103-804-4485,183
5-107-977-4107,4728
5-110-990-9394,4778
5-111-254-3725,4627
5-114-410-3981,4303
5-117-402-3066,2553
5-117-413-6070,1473
5-118-071-3523,524
5-118-160-1178,3812
5-119-445-8597,680
5-122-144-2683,724
5-122-531-1849,1557
5-126-315-0467,85
5-129-111-8271,2787
5-129-785-7284,802
5-133-121-0713,2317
5-135-303-8684,4386
5-136-966-9132,4047
5-138-380-8068,2103
5-140-394-5285,1262
5-140-493-6096,1880
5-141-679-2150,4221
5-143-199-7022,2378
5-148-087-2896,4611
5-153-902-9244,3049
5-154-698-4506,2120
5-157-622-6456,4722
5-157-754-7015,3722
5-158-644-2771,4208
5-158-894-3661,2314
5-164-537-9908,100
5-164-632-2991,1614
5-168-420-6956,919
5-168-975-9087,258
5-169-986-8672,3486
5-170-788-9939,1013
5-170-976-6562,175
5-173-957-1492,2234
5-175-173-9360,353
5-175-920-8731,4164
5-176-545-2144,2971
5-176-671-2750,466
5-176-693-3200,614
5-177-723-1154,3467
5-182-874-1827,3760
5-186-246-0271,2095
5-188-287-8286,2663
5-189-931-5785,4567
5-192-282-3306,2863
5-193-848-3007,4143
5-196-424-5954,2578
5-199-254-9202,3548
5-205-865-3373,1151
5-208-086-8068,1608
5-209-747-8911,2938
5-210-316-2153,2392
5-212-143-1306,4541
5-213-218-1968,1386
5-214-078-7856,1294
5-214-479-8374,1189
5-218-525-0518,2455
5-220-493-7393,1434
5-222-592-3124,2602
5-227-044-7450,4565
5-228-205-7130,1193
5-232-648-6640,4644
5-242-031-3010,2953
5-247-083-8456,4949
5-248-714-7349,105
5-248-897-1993,1417
5-250-405-7368,4227
5-251-184-5953,4894
5-251-654-6698,1388
5-261-684-5427,1440
5-262-734-0430,897
5-269-455-8857,3871
5-274-183-3536,3557
5-275-584-2362,1933
5-276-928-9606,1488
5-279-856-1734,1260
5-283-414-6995,358
5-284-490-8122,529
5-284-630-5366,2698
5-286-501-6572,441
5-287-207-4599,3849
5-287-978-3563,737
5-289-936-7607,758
5-295-423-8758,1680
5-295-769-7187,1372
5-295-801-3076,4500
5-300-331-7071,4087
5-302-733-0401,4583
5-305-036-9344,4501
5-306-626-1409,531
5-306-872-7971,1715
5-307-046-4666,265
5-308-040-7329,4153
5-310-395-0975,12
5-314-214-6054,2534
5-317-419-1319,3428
5-318-570-5979,4922
5-319-694-8990,1775
5-320-446-1160,1032
5-323-483-4982,2345
5-324-265-8626,1220
5-324-928-5654,1650
5-327-866-8574,1773
5-337-196-4530,711
5-340-222-2356,3460
5-342-438-9697,3141
5-345-466-2708,964
5-347-894-0210,2450
5-348-990-5435,2729
5-349-449-0455,2516
5-349-843-5910,2909
5-349-998-2340,3868
5-351-668-8940,3740
5-354-384-1985,3990
5-356-281-7446,3648
5-357-923-0995,2414
5-359-392-1896,1816
5-359-788-5865,1955
5-361-177-7859,2112
5-364-392-4962,17
5-364-741-6302,4010
5-365-364-6690,694
5-366-331-7364,4251
5-369-166-6625,569
5-371-228-1057,4247
5-375-435-1074,893
5-377-383-0306,4881
5-381-123-8949,2661
5-385-779-5650,903
5-387-801-7988,4873
5-388-293-2985,2760
5-389-219-4017,4199
5-393-978-1637,3702
5-395-049-1688,795
5-395-316-0115,383
5-396-555-8566,1526
5-398-848-5808,3837
5-399-202-9419,1211
5-403-827-8216,156
5-404-049-9770,3970
5-405-484-4360,2396
5-406-341-2497,729
5-407-063-8254,588
5-408-517-1598,643
5-409-394-5737,2296
5-410-465-7312,988
5-415-830-5807,238
5-417-535-3403,1484
5-418-448-1366,1651
5-418-521-0406,367
5-418-859-7595,3302
5-427-085-7113,2917
5-430-048-5791,2029
5-430-598-2491,4148
5-430-780-5956,2339
5-439-863-2105,437
5-440-792-6697,4016
5-450-774-5889,3852
5-452-450-3287,3172
5-457-469-7464,890
5-458-088-7600,3143
5-460-367-1293,4290
5-460-871-9308,3106
5-461-033-6653,1007
5-465-720-6140,2791
5-468-108-9760,402
5-469-830-7888,3314
5-471-118-3701,3179
5-473-970-9305,916
5-474-866-7704,2877
5-475-558-8158,2387
5-476-134-4080,3383
5-476-165-1006,2519
5-478-891-4974,2104
5-484-282-2102,388
5-485-843-1268,3433
5-488-386-5078,1548
5-496-045-9857,2437
5-500-891-0330,484
5-503-621-3629,3063
5-503-987-3536,2955
5-504-787-3275,1029
5-505-845-9698,4115
5-507-403-5080,1237
5-508-373-7299,151
5-512-382-3006,2761
5-517-561-3201,950
5-519-888-2331,1223
5-521-762-5320,955
5-523-199-4009,1501
5-523-950-1679,1673
5-526-327-5493,1267
5-526-435-1657,4762
5-526-463-5722,3483
5-527-012-8529,4437
5-529-005-9287,1056
5-529-568-5219,4807
5-530-694-3774,1838
5-535-668-8419,1341
5-535-729-8038,4474
5-535-825-0772,1930
5-537-310-9678,2680
5-541-207-7813,4920
5-543-245-0929,2586
5-544-580-3920,4535
5-544-879-3452,2066
5-545-254-8907,860
5-551-298-8948,2502
5-554-189-9962,1499
5-555-662-8380,1684
5-556-468-8054,4769
5-557-696-5110,45
5-560-145-9040,3903
5-560-555-9645,4057
5-561-490-9367,1077
5-564-309-2298,1540
5-565-290-8952,1335
5-569-165-5162,4579
5-575-085-0013,4479
5-575-866-4132,2949
5-576-977-2690,741
5-577-307-3413,3152
5-582-411-2985,4428
5-589-655-9754,989
5-589-702-9810,3811
5-593-135-0857,4182
5-593-549-0950,4603
5-593-897-2876,4185
5-596-444-9314,231
5-599-959-2613,2734
5-603-491-9411,2699
5-605-848-8994,4641
5-606-443-7525,1348
5-607-432-4805,2956
5-609-893-8160,2852
5-610-393-9974,2473
5-612-615-2756,4838
5-613-784-5070,815
5-617-952-6319,3079
5-621-868-8441,735
5-623-211-8484,878
5-623-480-7081,4787
5-625-797-2575,342
5-626-833-5648,3566
5-628-819-6886,1595
5-628-992-8479,598
5-629-594-6836,4819
5-630-475-3445,3779
5-633-106-7094,4985
5-633-467-6659,2427
5-634-234-9161,4580
5-634-287-3065,2125
5-635-294-1096,2774
5-638-843-7653,4214
5-638-983-5589,714
5-639-701-5012,4233
5-644-091-4308,1022
5-644-475-7905,2730
5-644-848-2863,3515
5-645-888-3053,1588
5-646-135-1134,4008
5-648-111-2607,783
5-648-894-3397,4278
5-650-409-5237,4161
5-655-628-2808,4478
5-658-135-8085,681
5-659-718-4747,778
5-660-243-4287,1524
5-663-400-3333,1178
5-664-197-1815,461
5-664-413-2358,322
5-665-278-7809,1953
5-668-035-0986,4934
5-668-667-5073,4701
5-669-693-3449,4590
5-673-360-6106,2428
5-673-590-9277,3587
5-677-373-5818,3973
5-681-132-5409,1228
5-686-754-5555,3867
5-694-072-3019,1380
5-696-142-3444,3176
5-697-197-7200,2105
5-697-944-4754,3807
5-699-711-5054,4431
5-700-206-7874,1173
5-700-395-7828,4245
5-700-860-0021,376
5-700-911-6693,4707
5-702-569-8019,4765
5-703-093-0094,715
5-704-796-1444,2395
5-717-469-5403,3709
5-719-438-5851,66
5-720-164-9062,197
5-721-714-4681,2067
5-722-340-8703,4776
5-725-708-0072,4463
5-727-257-0101,3538
5-727-395-0226,2090
5-728-382-6579,4447
5-729-072-1081,2491
5-732-357-1636,4970
5-732-519-5779,2076
5-734-035-8481,2708
5-736-171-5733,3080
5-736-698-8137,482
5-737-091-9622,3895
5-737-763-8272,2653
5-739-603-8372,535
5-748-299-6452,4780
5-750-668-8319,3523
5-756-040-7890,3577
5-756-920-0566,2656
5-759-050-3757,419
5-763-351-7364,842
5-763-684-6497,2529
5-766-648-9900,4318
5-767-040-5058,1034
5-767-799-0597,4449
5-771-313-5846,2847
5-771-326-7982,4158
5-774-182-1899,2228
5-775-159-6567,843
5-778-586-8905,1465
5-783-671-3077,561
5-785-678-2133,1622
5-787-136-4100,41
5-789-782-1724,4645
5-789-786-1357,3128
5-790-307-7149,2214
5-790-314-7703,2172
5-790-897-9586,666
5-796-865-8438,280
5-797-640-0603,3131
5-799-747-4941,3298
5-799-761-7668,3568
5-803-107-9302,4328
5-804-100-6569,1784
5-806-458-0791,2243
5-810-886-6579,1467
5-812-512-6270,2858
5-813-341-5021,4622
5-813-897-2492,701
5-815-270-7279,3058
5-815-311-1589,813
5-822-199-5357,4272
5-825-808-4656,1884
5-826-109-9103,1962
5-830-096-3367,2648
5-831-537-7437,545
5-834-352-9994,3092
5-834-887-6997,2042
5-837-343-3317,2216
5-837-682-8353,454
5-838-188-2638,1530
5-838-240-9313,4763
5-838-567-5561,2848
5-839-091-9188,1830
5-842-240-5671,1307
5-844-838-6545,2757
5-847-967-8287,3710
5-850-492-5594,4733
5-850-501-4831,2620
5-853-562-0038,2671
5-858-572-9153,3663
5-859-685-8434,506
5-860-965-8801,378
5-862-593-0838,2688
5-862-859-5662,2745
5-863-127-3770,263
5-863-257-4627,4108
5-863-644-7400,2100
5-865-336-0588,1001
5-867-676-0424,965
5-874-992-7188,260
5-875-671-1306,3237
5-878-249-9191,1138
5-879-769-6645,618
5-881-584-2648,4200
5-881-741-8272,2954
5-881-811-8465,922
5-882-894-2323,2356
5-887-701-5166,233
5-894-695-2868,3564
5-897-442-4861,674
5-897-730-1807,194
5-898-552-5167,4642
5-899-029-0621,1493
5-901-806-6202,3752
5-902-132-7852,3412
5-903-267-5889,2298
5-906-319-4064,21
5-906-394-9420,1253
5-906-654-9788,4045
5-908-257-1429,4399
5-914-353-9910,3275
5-914-449-8903,1674
5-915-261-4871,3388
5-917-380-1181,3382
5-918-482-0801,3979
5-919-047-2830,4748
5-921-819-6185,518
5-921-919-1138,2236
5-925-224-8030,319
5-926-635-0451,4315
5-927-783-0850,725
5-931-166-5439,3369
5-932-987-6602,1053
5-941-789-4330,2891
5-942-860-4815,2756
5-948-203-8995,2335
5-948-684-8525,2844
5-949-788-3333,4660
5-952-940-5816,2718
5-953-167-4228,962
5-958-297-6500,4461
5-961-227-5459,3525
5-961-293-7933,1553
5-964-943-7978,3359
5-967-036-6071,3466
5-968-078-5720,1422
5-969-276-2389,4371
5-969-426-4625,4578
5-970-705-6933,3625
5-978-363-5578,762
5-981-093-5412,3810
5-982-706-2419,1586
5-984-629-4566,1333
5-984-755-5568,1922
5-986-946-9083,1090
5-988-277-9113,1765
5-992-714-5259,2426
5-992-754-8136,296
5-993-590-2063,4824
6-008-830-6310,3552
6-012-831-4123,346
6-013-394-6256,3174
6-015-297-3868,3033
6-020-613-1024,226
6-020-863-2433,4861
6-025-583-0697,2969
6-031-587-5166,294
6-033-041-5583,4411
6-033-476-6446,3088
6-035-379-4113,4546
6-037-067-8532,4724
6-037-346-4784,4302
6-046-511-1523,1733
6-049-266-3933,4361
6-053-029-0932,3232
6-056-767-2574,3880
6-059-729-1310,2604
6-059-874-4540,4524
6-060-477-0334,4434
6-061-121-3786,2662
6-061-787-6782,1249
6-062-107-6730,4006
6-068-509-6812,4755
6-079-704-8785,2264
6-082-190-6494,4075
6-082-847-2766,946
6-083-236-3992,331
6-083-952-3162,345
6-085-515-8121,4798
6-089-349-0149,4796
6-092-997-7678,1404
6-093-742-9224,1266
6-094-646-0165,4708
6-105-922-3141,50
6-106-334-9064,1928
6-108-965-0434,3329
6-111-300-9517,1045
6-111-705-3170,4151
6-111-840-5299,3398
6-112-743-5026,3569
6-113-672-0561,562
6-115-608-6421,1879
6-116-743-0927,3531
6-118-165-0343,4177
6-120-744-0930,1485
6-121-576-1402,879
6-125-336-9263,3196
6-128-040-6512,1482
6-130-897-1474,1114
6-131-034-5781,3738
6-132-315-0407,4912
6-132-320-1199,4330
6-132-912-7716,4932
6-133-230-1521,4649
6-133-254-1399,4184
6-133-332-9645,4714
6-134-476-7808,3300
6-134-590-3582,357
6-140-751-1860,985
6-147-310-8965,1202
6-147-515-8101,2045
6-147-551-2955,929
6-150-277-4013,4486
6-150-292-1028,616
6-150-633-4150,2320
6-154-156-2876,4289
6-154-229-3989,4327
6-154-908-5089,1019
6-155-091-1956,3207
6-156-452-1246,3112
6-156-544-3681,3303
6-158-234-1085,2613
6-158-424-2624,4797
6-162-541-3378,2695
6-165-068-8461,4030
6-166-062-2266,4669
6-167-247-3370,3142
6-167-795-7329,2527
6-171-024-4194,4888
6-171-101-7490,1534
6-172-875-6600,2333
6-173-519-9284,2878
6-174-266-8856,1339
6-175-222-6999,2169
6-177-997-9557,2747
6-179-770-5044,1068
6-179-910-0676,1703
6-182-475-6808,293
6-190-652-5691,254
6-193-962-9765,2588
6-194-473-4802,2188
6-195-921-2624,1544
6-197-892-4130,992
6-198-021-3330,3627
6-198-691-7883,3218
6-199-900-1171,20
6-200-579-8155,4374
6-205-282-3353,1768
6-209-523-9225,32
6-212-392-6132,3337
6-213-334-0310,433
6-213-792-2995,3784
6-215-430-9927,2827
6-215-558-3661,3809
6-216-416-5178,2574
6-216-966-6316,2773
6-217-707-4732,1624
6-219-655-1754,3077
6-221-154-9118,2806
6-224-676-6876,498
6-224-775-0142,639
6-226-036-3085,4215
6-227-397-0560,1070
6-228-647-0780,3450
6-231-617-9483,676
6-234-480-1782,2000
6-237-614-2215,4357
6-244-906-2984,3191
6-247-409-8262,1950
6-250-658-1906,3891
6-252-103-5204,4420
6-253-004-7329,4927
6-254-319-6025,2409
6-257-414-3164,3527
6-258-091-5428,3624
6-262-992-3052,1521
6-264-557-3949,2211
6-265-118-2967,830
6-269-151-2296,811
6-270-566-2073,4354
6-270-952-5040,857
6-272-831-9570,1892
6-275-204-4844,1982
6-275-488-8395,908
6-275-742-6128,1290
6-277-420-8401,3065
6-280-205-6487,2338
6-281-473-7894,2952
6-284-009-4599,2925
6-286-186-9720,1020
6-287-725-7307,2065
6-289-368-0070,1776
6-289-572-6715,2771
6-289-580-0655,4124
6-289-841-3564,4499
6-291-281-0212,3731
6-292-314-7436,2960
6-293-403-6480,4878
6-293-805-7996,808
6-294-301-0808,4029
6-294-800-0637,2820
6-294-998-2830,3567
6-295-060-8718,4280
6-295-270-4757,2921
6-296-318-1541,43
6-297-662-9622,2884
6-298-236-7579,3313
6-302-551-5041,3844
6-304-988-1421,4916
6-305-219-3361,1303
6-306-323-3195,3043
6-306-986-8313,3536
6-307-564-8263,1016
6-314-409-0090,3319
6-314-931-8048,4871
6-317-034-9722,4438
6-318-897-2423,3393
6-328-192-5487,2109
6-329-737-2054,3535
6-330-780-3691,1613
6-334-467-9823,3923
6-334-686-5043,404
6-338-942-7185,4404
6-339-217-0794,2927
6-339-574-9240,3451
6-339-619-3890,2957
6-340-761-9784,3070
6-342-699-3526,4875
6-345-290-6660,439
6-346-508-2659,4225
6-347-255-9160,2507
6-348-951-9386,1154
6-352-474-3530,3939
6-354-110-7803,3767
6-356-231-4842,2415
6-356-400-1419,2845
6-359-059-2291,2861
6-361-412-4095,2318
6-361-706-6143,28
6-361-962-9519,1690
6-367-052-4236,1870
6-367-081-9869,186
6-369-162-3011,123
6-370-059-5172,3102
6-370-685-8646,136
6-370-786-5495,1924
6-374-745-8944,4537
6-377-400-6073,1653
6-377-550-7485,3022
6-378-562-6793,3814
6-381-297-6949,1338
6-383-025-8682,1362
6-388-930-7901,794
6-391-111-8928,1361
6-391-293-8467,1126
6-392-793-8391,4154
6-393-161-7465,3458
6-395-733-8575,3586
6-398-038-4153,4998
6-400-995-5797,4206
6-404-457-2787,1031
6-406-388-4345,274
6-407-830-9019,2685
6-411-574-8320,2826
6-411-807-2139,3838
6-414-642-7875,3283
6-418-978-1703,2113
6-422-966-3186,1238
6-423-273-1195,881
6-423-411-1889,3717
6-424-852-6133,656
6-428-555-3652,1979
6-428-608-6896,3492
6-429-984-3121,468
6-433-011-1621,3438
6-433-578-8540,3845
6-433-707-3558,301
6-436-092-7354,3766
6-439-163-6572,79
6-442-513-9621,856
6-447-566-7325,1792
6-448-163-9336,3086
6-451-415-1626,4717
6-451-586-4667,2762
6-451-921-0252,1241
6-452-996-1981,4532
6-453-241-9597,122
6-454-354-1015,2225
6-454-686-8825,2327
6-456-498-7866,822
6-459-114-1103,3263
6-459-198-5364,2351
6-459-647-7783,4704
6-459-693-1939,1717
6-460-785-7361,297
6-463-670-4870,4976
6-465-158-3881,338
6-466-768-1395,3526
6-469-665-5449,927
6-472-000-2945,4836
6-473-028-8128,148
6-478-429-7816,2544
6-478-444-5062,2859
6-478-872-2040,272
6-481-728-4546,1048
6-482-945-6232,4756
6-484-567-6839,825
6-486-667-2231,2915
6-488-182-5951,2260
6-490-277-2941,3127
6-490-845-1625,4383
6-491-505-6064,2069
6-496-394-6776,1846
6-497-187-2998,3436
6-497-479-3765,2167
6-502-347-8018,4899
6-502-877-3423,4613
6-510-297-3140,57
6-516-428-1025,2864
6-516-912-1334,1998
6-518-385-9480,1786
6-520-639-8368,699
6-524-006-4059,1770
6-526-659-5119,2190
6-530-553-3840,187
6-532-369-4189,3024
6-539-802-4328,1699
6-540-492-3404,2005
6-544-440-5061,4174
6-545-930-6504,3418
6-547-020-5226,1504
6-549-942-5840,4971
6-557-134-7852,4301
6-557-828-0893,1755
6-558-791-8960,2792
6-560-610-3290,1074
6-568-231-1231,2158
6-568-973-5815,2176
6-575-374-7488,1730
6-575-816-1938,2376
6-576-612-2920,1213
6-576-888-1022,4782
6-576-961-4166,2766
6-584-977-8609,2034
6-585-111-5149,2322
6-593-671-1343,2764
6-600-642-5610,2181
6-602-333-5473,4549
6-606-372-8477,4658
6-608-910-4152,657
6-609-120-7951,450
6-611-278-9733,2804
6-612-647-8652,2634
6-614-169-0966,394
6-614-851-8317,3175
6-615-954-0964,3534
6-617-463-0168,4525
6-620-143-3704,3633
6-620-868-8962,4902
6-621-112-4423,551
6-622-509-6078,4552
6-622-669-2584,4081
6-623-036-3663,2352
6-624-513-4776,3253
6-626-307-8161,3370
6-627-811-3813,414
6-628-616-0808,486
6-629-594-8559,1747
6-631-575-7069,3299
6-639-117-2169,4659
6-642-268-8762,2751
6-642-922-1694,4210
6-643-144-5498,2998
6-643-763-7323,3140
6-646-482-8982,1285
6-650-104-6043,1643
6-650-918-8530,642
6-654-987-7739,3469
6-655-886-3594,4963
6-656-800-7443,974
6-660-445-7548,800
6-662-919-2790,4220
6-663-374-0290,1166
6-666-270-1888,4451
6-674-730-4552,3417
6-674-878-9452,753
6-676-888-8206,3260
6-677-855-0516,4895
6-679-934-9562,1744
6-680-798-2373,2399
6-683-322-4484,4621
6-685-452-2972,708
6-691-895-9972,2841
6-693-487-3985,3983
6-694-298-3573,4734
6-697-110-5050,3133
6-698-119-6626,1463
6-699-886-2045,2416
6-700-816-5541,1935
6-701-079-0526,3949
6-701-117-1541,4832
6-702-734-4378,1580
6-704-878-1425,1658
6-709-165-1036,1127
6-712-741-7924,513
6-714-035-9431,3050
6-715-498-2547,966
6-716-468-5389,2209
6-716-908-5882,911
6-717-163-1496,2637
6-719-751-1916,2850
6-721-521-8709,507
6-722-616-7532,3840
6-724-036-7769,4127
6-725-203-7886,2854
6-729-211-0910,1992
6-729-624-0274,2456
6-729-838-1133,3999
6-729-913-6452,704
6-730-460-5400,635
6-731-373-3735,4736
6-732-137-0479,1517
6-734-821-9719,18
6-736-949-7524,4283
6-737-550-4480,323
6-737-732-6115,4060
6-741-799-0465,2136
6-742-533-2902,3324
6-747-958-9095,4606
6-748-686-5688,2896
6-749-309-0204,1795
6-751-508-7811,3347
6-752-178-3290,1309
6-753-691-7129,2384
6-754-389-8329,4726
6-756-718-2192,3930
6-758-568-2484,4654
6-762-947-1673,1576
6-767-258-7495,295
6-767-360-3338,3165
6-770-500-8736,1671
6-771-010-8896,4389
6-772-380-1602,4033
6-776-101-7703,3654
6-776-747-2457,3493
6-776-795-1881,393
6-776-981-1683,650
6-781-571-8470,4257
6-782-905-2516,4906
6-785-791-5007,1387
6-786-467-0833,4422
6-787-142-8994,3813
6-791-305-9861,2185
6-794-451-6908,2951
6-794-471-6307,1679
6-794-894-1228,229
6-795-454-2572,4564
6-797-249-6698,2977
6-798-675-6403,4862
6-800-333-1957,2562
6-801-791-1201,1318
6-801-796-5596,387
6-801-861-1650,661
6-804-101-9310,4885
6-805-217-9361,3682
6-807-063-8345,1519
6-808-249-2270,4331
6-809-424-1795,3632
6-810-949-0592,4839
6-811-398-1083,3724
6-812-893-3070,1636
6-812-938-5538,4351
6-813-294-8766,1097
6-814-988-5646,168
6-815-250-0455,349
6-815-595-3152,276
6-819-301-2463,261
6-820-278-0717,3186
6-822-146-3991,2907
6-822-645-4357,3585
6-828-170-1802,1235
6-828-983-4719,3863
6-836-096-2806,1491
6-837-851-8506,4423
6-839-123-4055,4986
6-842-171-6477,3173
6-842-400-9400,2369
6-843-962-6139,2460
6-845-395-4609,4377
6-852-274-8008,1927
6-853-234-8997,1089
6-854-316-5655,3861
6-854-931-7830,1956
6-854-973-1578,3277
6-855-315-5666,722
6-855-419-8607,1425
6-857-264-4461,3005
6-857-833-3956,1296
6-859-423-6641,2728
6-859-978-0828,4425
6-860-819-6252,3280
6-861-185-8897,2667
6-865-871-7527,4575
6-868-679-3153,4347
6-869-675-6113,1568
6-872-444-9375,3907
6-873-876-1490,4274
6-874-620-8423,4984
6-874-799-6822,637
6-875-418-6082,4007
6-876-389-2875,1457
6-878-486-8711,4589
6-878-768-9878,4739
6-878-955-8297,316
6-881-361-5456,4981
6-882-152-6812,3204
6-882-708-0022,4426
6-883-045-1416,2866
6-885-464-7294,1247
6-886-105-3895,1487
6-888-399-2974,1028
6-890-663-4283,4715
6-891-719-5799,3339
6-893-755-9927,4772
6-897-663-8096,4833
6-899-314-2941,1915
6-900-349-9856,103
6-901-297-5936,4964
6-903-268-7542,4403
6-903-768-0132,3044
6-905-878-5068,3126
6-907-877-1933,2052
6-908-349-6524,3304
6-910-508-0468,3110
6-912-359-6097,2324
6-914-278-8497,3640
6-914-741-6692,71
6-916-472-3855,3171
6-918-223-6147,1039
6-919-647-8840,2118
6-921-978-2534,1009
6-923-007-0533,2913
6-924-892-7685,2853
6-927-850-9649,1668
6-931-806-2418,14
6-943-946-5631,1456
6-944-362-0013,3864
6-944-420-4666,4477
6-945-707-1954,605
6-948-657-6374,1738
6-953-815-4050,3989
6-958-218-9011,2282
6-958-500-9864,53
6-960-636-2759,4381
6-965-689-4183,743
6-966-545-9757,589
6-973-223-6624,2371
6-974-059-5622,4587
6-978-957-9670,4342
6-980-507-5445,1960
6-986-714-9891,575
6-988-124-7714,4175
6-993-961-0350,4187
6-994-967-3812,4999
6-995-331-5275,2124
6-997-716-6935,4088
7-000-418-1229,3707
7-000-993-2010,1827
7-001-661-0325,2608
7-005-477-2500,4868
7-005-508-5361,4846
7-008-952-3173,1050
7-010-728-7886,3982
7-014-019-0308,1155
7-014-795-1250,3221
7-016-661-3544,1791
7-018-446-3807,4983
7-018-920-3369,237
7-022-194-0183,4334
7-024-607-6304,172
7-030-577-6832,1991
7-037-092-5088,786
7-037-297-4319,1424
7-038-915-8627,3647
7-040-962-4208,1051
7-045-920-5771,2961
7-046-004-3592,3573
7-049-266-4403,3520
7-050-325-4742,443
7-051-166-0530,2423
7-053-389-4400,4099
7-054-851-5135,2976
7-056-126-8035,1103
7-060-785-2349,1946
7-074-362-4269,3130
7-075-847-3531,3505
7-076-335-6702,2362
7-076-774-2028,143
7-078-177-1901,4581
7-079-245-7757,2381
7-084-700-5131,2642
7-086-444-7862,15
7-090-558-3877,2905
7-091-806-3077,4813
7-094-951-8826,1505
7-096-803-7824,2706
7-099-822-3084,3804
7-103-416-9320,4186
7-104-453-7169,213
7-105-300-7586,2400
7-110-492-2587,663
7-112-632-1529,1363
7-116-005-1032,3771
7-116-824-7741,4497
7-118-348-9637,1763
7-119-560-2186,68
7-122-418-7509,2860
7-122-586-8110,1314
7-123-610-2941,1931
7-123-888-0780,885
7-128-989-3637,2930
7-130-201-3644,3619
7-139-764-4740,4504
7-140-506-6341,453
7-143-243-3674,1923
7-144-083-2191,4980
7-149-121-9883,417
7-150-824-8731,3918
7-152-148-1398,2794
7-152-323-8446,4103
7-153-688-6603,2286
7-157-701-1283,201
7-160-052-9249,559
7-160-585-6994,846
7-161-655-8269,4419
7-162-464-4841,4203
7-162-963-4049,1941
7-164-407-6762,973
7-164-811-9777,719
7-165-025-2644,3920
7-168-313-1523,831
7-169-649-5878,72
7-170-220-5952,4561
7-171-194-9729,46
7-171-244-9580,3240
7-172-080-2906,3801
7-175-167-4956,1012
7-175-393-7470,1843
7-175-741-8515,3608
7-179-701-4000,2785
7-182-723-6377,4306
7-186-026-2383,3422
7-186-084-8203,4273
7-194-155-7376,3884
7-197-135-3745,3373
7-199-448-5165,2046
7-201-151-8231,4183
7-202-405-0992,1297
7-203-065-3056,1393
7-203-473-3051,2421
7-203-652-9543,1449
7-204-607-2897,4085
7-206-614-7667,3481
7-210-634-3273,3858
7-211-266-2529,2360
7-214-008-1964,931
7-214-595-3073,3039
7-217-428-1836,185
7-217-839-8095,2355
7-220-676-5717,1374
7-222-595-9534,2719
7-223-339-4303,1545
7-223-473-1077,40
7-223-604-5668,4938
7-224-644-5541,4610
7-225-783-5273,3016
7-226-531-4318,9
7-226-802-5269,4400
7-227-409-4895,2230
7-229-559-8870,4286
7-230-186-7695,1276
7-237-301-2417,1981
7-238-848-7392,4588
7-239-895-3795,3164
7-242-636-7515,2551
7-244-801-2029,4664
7-246-953-2961,96
7-247-793-2197,1760
7-250-876-9807,4392
7-251-283-6514,202
7-251-321-2028,2614
7-255-874-6754,2391
7-256-818-5226,4472
7-262-208-7086,1191
7-262-944-1263,2727
7-263-127-8757,4430
7-269-683-3303,3850
7-270-584-9593,2389
7-271-220-3255,2072
7-271-394-2910,3345
7-272-588-5530,4048
7-273-432-2365,3516
7-274-995-2313,4494
7-277-255-9304,3180
7-278-968-6769,3273
7-279-955-3637,3928
7-280-142-2647,3607
7-283-426-1711,4171
7-283-577-7540,3120
7-288-246-9568,75
7-292-572-9393,3503
7-293-340-4470,4450
7-295-461-8529,1929
7-296-082-3389,1072
7-298-403-0870,3353
7-298-667-5124,1293
7-298-825-7570,2665
7-301-205-0022,1510
7-301-760-8054,169
7-305-284-5774,4671
7-305-947-0130,804
7-309-679-1300,2906
7-313-909-7946,705
7-315-431-5312,2237
7-316-962-6103,1774
7-317-983-9527,1598
7-321-348-3528,2466
7-323-239-8953,4788
7-323-487-0284,4471
7-324-717-4289,2155
7-325-813-2039,465
7-326-213-6734,658
7-327-605-7069,3343
7-329-267-2448,251
7-329-876-9745,1605
7-330-005-1873,131
7-334-179-5462,2657
7-334-735-0230,1364
7-335-594-9451,2867
7-336-086-7957,2410
7-346-552-2246,3385
7-348-123-1807,1468
7-348-278-9159,2918
7-348-313-4284,606
7-358-041-4670,2595
7-358-704-2292,2683
7-361-223-3334,2965
7-361-456-3251,3153
7-363-714-8157,626
7-366-644-2604,3720
7-371-479-5732,3675
7-371-999-6827,1080
7-373-191-3081,2054
7-373-377-3884,4515
7-377-063-0436,4051
7-377-746-7800,2920
7-379-788-4958,203
7-380-121-8976,1357
7-382-318-7446,999
7-387-102-0880,1835
7-388-490-3498,3210
7-392-039-5098,3673
7-393-197-5755,1353
7-393-460-0126,530
7-395-468-2638,4860
7-397-354-4026,1834
7-399-326-6138,1451
7-401-629-1591,904
7-404-215-4663,1152
7-405-074-9577,487
7-406-508-8550,3971
7-408-498-1347,4142
7-409-942-5796,508
7-411-358-0779,4757
7-412-369-6136,3642
7-417-877-2835,74
7-423-477-9270,4775
7-426-035-6050,3229
7-428-651-7436,4989
7-429-006-7737,4783
7-430-059-5186,632
7-432-802-1009,1688
7-433-522-7885,1694
7-436-447-3286,192
7-436-758-3698,4594
7-437-884-3136,452
7-438-472-5017,459
7-440-809-5582,2856
7-441-742-3809,1854
7-442-463-9501,2413
7-444-225-8628,1345
7-446-154-2642,848
7-447-397-5171,4207
7-447-452-0531,4789
7-450-190-1621,983
7-453-587-0085,3833
7-454-169-8045,4168
7-454-999-6238,3326
7-457-545-5062,111
7-459-630-3774,1562
7-460-947-3248,3509
7-461-625-7489,1378
7-462-969-4028,2780
7-464-621-1528,4349
7-466-521-2415,84
7-469-411-1961,2215
7-470-286-7314,1801
7-470-793-7589,277
7-471-142-2148,4551
7-471-984-3693,2337
7-473-821-5320,1365
7-473-970-2433,2832
7-474-414-2839,4900
7-479-456-9323,1112
7-479-906-5671,619
7-480-939-5480,4391
7-486-152-9311,3915
7-487-274-7307,3896
7-488-024-8489,1657
7-488-314-2819,3203
7-488-992-5428,4249
7-489-882-2116,4544
7-493-917-1882,3652
7-494-595-5620,3151
7-497-344-2856,1669
7-498-721-8644,2783
7-499-978-9716,4385
7-500-847-8123,2711
7-504-064-6998,1057
7-506-277-7175,3404
7-507-643-1441,3974
7-507-958-4387,2868
7-508-266-2752,4709
7-508-494-0089,4467
7-509-120-2492,3009
7-513-573-1574,4464
7-513-679-0713,4408
7-513-774-4006,697
7-516-522-2801,544
7-518-477-5605,2261
7-518-728-7267,651
7-519-896-5054,2259
7-522-551-3367,3834
7-525-500-3881,543
7-529-059-9847,83
7-529-416-2327,1216
7-533-159-4352,2712
7-537-438-7634,1848
7-541-339-4904,1058
7-541-416-4345,448
7-542-306-4088,3981
7-546-075-4427,3437
7-546-305-9573,1171
7-546-780-2421,2367
7-547-805-6959,2599
7-548-034-1608,1809
7-553-014-6435,1495
7-556-728-1867,1115
7-559-876-8602,731
7-561-854-3495,2948
7-564-170-6205,3371
7-568-294-3072,2612
7-569-347-6916,1708
7-569-486-2886,1030
7-572-624-4539,273
7-573-311-9865,2377
7-575-600-0481,2436
7-576-906-6223,2393
7-577-633-2960,2548
7-579-730-9566,3472
7-580-998-7684,1394
7-581-784-6334,1661
7-582-448-5249,2483
7-583-890-7592,150
7-583-938-2796,3201
7-585-787-5705,740
7-586-818-0217,760
7-589-426-2479,4073
7-589-557-1248,3507
7-591-041-3603,3855
7-591-829-7409,4909
7-598-191-4537,2198
7-598-215-0027,3660
7-598-511-7163,2825
7-599-664-0897,3610
7-600-528-2871,4260
7-603-495-3222,1184
7-604-403-6814,4414
7-607-443-4636,1256
7-612-948-7718,2811
7-613-101-2043,497
7-613-303-0331,335
7-615-206-3125,4141
7-617-581-5450,782
7-627-821-6846,2570
7-645-501-8421,2950
7-649-474-3296,289
7-650-294-7949,2443
7-651-826-5587,1806
7-653-924-3946,337
7-654-503-1531,3470
7-656-145-4081,1641
7-656-855-1300,1406
7-657-390-2536,1450
7-658-466-7556,522
7-660-572-6236,3873
7-660-963-7693,2666
7-661-131-5631,527
7-664-539-1442,4713
7-669-484-5335,2919
7-671-453-8148,4992
7-672-872-6055,2309
7-673-522-5842,1497
7-674-743-4797,1206
7-677-561-3030,3286
7-680-050-2200,2911
7-684-573-2861,4321
7-685-598-0350,4230
7-688-024-7699,2769
7-689-180-1984,3387
7-691-152-3380,4830
7-691-611-1585,3177
7-692-158-2047,4100
7-696-256-1590,645
7-697-704-0087,3522
7-701-606-6211,1728
7-703-464-0841,2650
7-704-838-3887,2323
7-708-279-0214,4516
7-711-012-1558,2372
7-711-161-8224,1942
7-713-760-9101,4180
7-714-549-9806,1395
7-715-554-8762,4155
7-719-497-2103,1872
7-719-620-7873,747
7-720-034-0619,4005
7-720-730-5072,4367
7-720-948-8192,3287
7-721-174-3876,1764
7-721-922-1884,4820
7-722-406-7720,2467
7-727-885-0057,3512
7-729-870-9009,1302
7-732-180-5653,1810
7-733-175-0568,3264
7-733-575-5516,243
7-734-663-2178,1298
7-734-893-9707,1860
7-735-157-8230,806
7-735-892-2906,2789
7-738-344-4622,128
7-742-043-3848,615
7-743-304-0549,571
7-746-434-2833,1384
7-747-721-7026,3788
7-748-052-2042,2722
7-748-729-4173,555
7-750-186-1769,3488
7-750-571-9083,1370
7-753-728-5913,4128
7-759-852-1010,765
7-760-837-1355,4011
7-765-225-5705,1593
7-766-123-7126,3429
7-766-289-1019,1638
7-769-680-3674,3965
7-772-659-0540,3774
7-777-091-4093,4240
7-777-539-5207,4293
7-778-853-1660,2980
7-779-356-9716,3883
7-785-239-4510,4031
7-785-482-3532,1170
7-789-645-6500,1192
7-790-094-7610,3199
7-791-011-0601,420
7-800-786-5878,3052
7-803-897-9681,77
7-805-899-4416,3560
7-806-460-5644,3227
7-806-872-7477,1974
7-807-936-1298,2803
7-808-293-3666,3938
7-812-040-8216,3978
7-812-262-5780,4705
7-813-570-8670,209
7-818-021-9497,2343
7-820-274-8501,3256
7-820-590-4217,3150
7-821-384-3632,1626
7-823-446-0150,2539
7-823-554-5709,4291
7-827-248-6955,381
7-828-156-6158,4961
7-828-910-1813,1778
7-831-581-5312,3104
7-833-763-9278,2590
7-834-254-0325,2892
7-835-655-0203,558
7-839-554-3635,1886
7-839-703-9499,3325
7-840-506-6510,3121
7-841-158-9741,884
7-842-338-1375,462
7-843-014-9247,3700
7-843-260-9317,947
7-849-977-6217,3795
7-851-197-0265,3279
7-853-306-7483,1172
7-853-601-8996,3269
7-858-924-5936,1654
7-861-086-3040,37
7-863-173-1979,1368
7-864-529-3657,1720
7-864-586-7713,2983
7-866-460-6840,2997
7-870-150-7199,2006
7-875-995-8421,2798
7-879-297-0978,3816
7-879-853-4505,4042
7-880-398-9517,4882
7-889-512-8703,181
7-890-469-9461,2053
7-891-353-7810,4886
7-891-802-3449,3764
7-892-410-5320,2886
7-892-888-5537,621
7-895-747-6976,4338
7-898-888-5643,4198
7-900-088-0073,4750
7-903-881-6789,270
7-906-112-7676,2070
7-908-332-6569,2598
7-909-423-8711,3307
7-909-934-3260,3386
7-913-393-5744,1243
7-913-731-6745,2468
7-915-013-3536,2092
7-918-095-5961,4737
7-919-285-6866,1807
7-924-795-8064,2810
7-925-006-6629,4818
7-926-699-7811,2375
7-929-651-7855,2974
7-931-121-2599,3188
7-932-812-0344,4905
7-935-872-6642,875
7-935-927-8050,3661
7-936-337-3744,142
7-936-539-6941,1156
7-940-684-4598,1789
7-941-202-0603,4160
7-944-118-6799,4651
7-947-798-5954,1150
7-950-583-5188,4503
7-951-724-0209,287
7-952-348-9056,2839
7-953-087-9451,2493
7-954-225-4302,4305
7-955-345-5311,1137
7-955-682-4622,2928
7-957-325-0687,4536
7-960-520-4145,1308
7-960-646-7137,3473
7-961-797-4320,3496
7-962-186-5028,2879
7-963-314-9304,2635
7-967-284-3887,2291
7-967-314-4627,1969
7-967-748-4771,4582
7-967-976-6957,4957
7-969-266-4835,1175
7-969-598-3166,1288
7-969-837-9682,3750
7-977-413-9452,3815
7-979-559-5641,2967
7-981-588-0678,2937
7-983-263-4741,4559
7-986-002-4984,3667
7-987-313-2806,2996
7-991-123-8692,1218
7-993-837-5833,951
7-994-441-3651,460
7-995-789-8752,1973
7-996-225-8007,4637
7-998-084-2776,211
8-000-189-1673,1888
8-002-064-9365,1918
8-002-770-6831,3769
8-004-516-3565,3541
8-005-280-4855,1543
8-005-352-8675,55
8-009-241-4811,678
8-010-609-3393,756
8-011-014-9005,4982
8-014-969-2182,4693
8-015-679-1499,1367
8-016-480-9862,3491
8-023-672-5811,1536
8-024-277-4287,3442
8-025-471-7582,1640
8-027-282-0048,766
8-027-511-4833,4987
8-028-080-7896,2480
8-028-104-3997,130
8-033-352-2600,3338
8-037-657-5455,793
8-043-383-3454,2993
8-044-335-6261,2189
8-046-453-0690,4686
8-047-315-0858,3233
8-047-367-2916,1261
8-051-895-0162,4329
8-054-363-4474,2833
8-055-143-6609,2926
8-056-231-0392,1783
8-060-666-0591,1583
8-068-345-9925,2707
8-069-469-2340,2106
8-073-821-4338,2904
8-075-134-3543,1749
8-075-681-7988,3555
8-076-082-0046,2701
8-084-096-3546,3603
8-085-447-4025,4831
8-085-524-5700,3026
8-088-724-7556,1836
8-090-247-9164,1664
8-090-586-3298,4553
8-094-100-5168,4596
8-094-171-3916,246
8-095-234-7038,2924
8-095-670-8905,1555
8-097-332-1980,2555
8-098-172-9253,2554
8-099-410-2785,3912
8-099-528-3914,1722
8-102-003-3612,2497
8-102-255-9004,4923
8-106-127-8175,81
8-107-449-3716,4432
8-107-629-8688,3976
8-107-884-8213,94
8-108-508-9042,3014
8-108-748-5348,4872
8-108-963-4811,942
8-112-131-6948,570
8-114-504-9094,2511
8-115-453-2599,1745
8-116-720-0169,4239
8-120-857-1104,3257
8-123-636-7934,4052
8-124-073-3996,4372
8-125-226-1004,840
8-125-446-6573,4903
8-130-197-9105,1040
8-130-558-2927,3098
8-132-244-6431,3160
8-138-971-2855,52
8-139-661-8502,1594
8-148-069-0455,2242
8-148-702-7433,2205
8-150-026-2503,4442
8-150-379-5346,3502
8-150-647-5141,3994
8-154-204-5958,4718
8-154-229-9289,3875
8-155-137-0889,1060
8-156-719-0705,869
8-157-480-7062,1727
8-162-337-8251,1875
8-165-922-6918,4558
8-175-160-0238,4657
8-178-290-6269,820
8-178-654-5125,2972
8-184-235-7373,3881
8-189-831-6181,3698
8-191-637-1792,2538
8-192-443-1980,4626
8-197-172-4426,1863
8-199-426-8067,928
8-199-462-8563,1390
8-200-413-4273,1408
8-202-869-1702,1567
8-203-838-4133,1853
8-204-156-0139,3910
8-209-184-5212,597
8-211-131-0966,936
8-211-850-1913,3261
8-212-534-2730,334
8-214-655-6274,1743
8-214-833-1172,2739
8-218-829-7510,792
8-220-681-5139,2412
8-223-209-4680,429
8-225-851-9217,2690
8-226-467-4852,2758
8-228-216-5388,1564
8-228-337-0949,4630
8-235-439-9546,4990
8-235-470-6850,2627
8-235-875-8962,2081
8-236-428-3942,3879
8-241-564-3508,4803
8-242-943-4882,29
8-244-689-7510,910
8-245-850-2658,340
8-249-353-5546,3969
8-250-002-4926,1141
8-254-900-0883,2746
8-261-805-6051,4771
8-262-978-1890,1315
8-263-095-4402,3125
8-266-763-5174,1105
8-267-117-2866,341
8-272-270-0902,4560
8-276-128-8694,1066
8-277-230-0682,4485
8-277-258-3080,1222
8-277-704-3827,1416
8-278-342-8894,3827
8-290-574-3226,3823
8-292-076-7203,3378
8-294-289-4603,2364
8-295-669-8135,3739
8-306-374-0727,2303
8-308-148-2844,557
8-313-593-9589,1373
8-316-026-5879,4339
8-318-091-7857,1513
8-320-212-5736,689
8-321-496-7135,2202
8-321-672-4709,1164
8-323-063-8408,3046
8-329-361-0413,1666
8-331-298-5906,4205
8-333-334-8889,3839
8-338-129-3029,2523
8-338-652-9723,3372
8-339-661-8027,2238
8-342-363-0844,93
8-343-250-6525,1383
8-343-501-4403,4473
8-346-834-1305,504
8-346-948-1820,2386
8-349-629-0338,660
8-350-248-5043,4468
8-351-938-7291,1304
8-355-138-4172,2903
8-355-436-8266,3744
8-359-579-4836,3090
8-360-151-6528,190
8-363-495-4248,723
8-365-323-8892,4677
8-366-050-0078,3993
8-369-310-0474,4950
8-369-833-8929,3962
8-371-768-1397,4604
8-372-712-4619,3597
8-373-682-0545,1916
8-380-597-7555,3170
8-383-694-6300,3957
8-384-156-4994,1620
8-387-035-9404,4974
8-387-799-3880,858
8-391-055-5210,3768
8-392-645-2651,4625
8-392-824-9808,3036
8-393-448-1170,3635
8-393-681-6758,1675
8-398-491-3281,1984
8-400-651-7103,2809
8-402-390-3989,3763
8-403-342-4830,3854
8-403-404-0916,3859
8-404-330-9118,1729
8-404-949-8459,1038
8-407-001-2117,3159
8-413-399-6808,2203
8-414-483-1112,4547
8-414-761-6826,1401
8-415-466-2438,4440
8-417-427-7251,2499
8-419-823-4239,4744
8-424-747-6659,716
8-426-028-7869,4093
8-426-563-8988,2958
8-426-598-9820,1866
8-427-028-6893,3139
8-431-233-9775,1711
8-433-428-2443,2580
8-434-813-6523,4995
8-437-827-3237,2096
8-438-492-4421,3977
8-438-602-4382,2890
8-439-212-5261,2241
8-439-452-6732,3200
8-442-977-3843,1099
8-446-956-9305,4618
8-447-075-9501,712
8-448-647-5711,4554
8-448-823-4304,329
8-452-239-0526,1046
8-453-019-1393,2128
8-456-835-2482,2156
8-458-042-2512,4828
8-458-695-2935,3482
8-460-634-7136,730
8-462-128-5236,1131
8-466-396-3124,3692
8-472-219-2657,1165
8-474-557-5498,1949
8-475-991-4971,1895
8-479-678-1908,1516
8-479-800-7291,3389
8-481-204-1324,4495
8-481-428-4266,3828
8-481-926-3409,3145
8-483-205-9047,2191
8-485-913-0691,1731
8-489-311-3169,1254
8-492-290-0231,3986
8-492-316-0325,1452
8-492-378-4701,3793
8-496-898-0865,3099
8-497-647-0924,3032
8-498-669-0699,1645
8-499-542-7342,1464
8-499-851-9203,686
8-500-252-1634,4673
8-502-873-4894,3818
8-503-177-3997,4857
8-504-697-5450,2208
8-509-070-0793,98
8-509-735-7590,2449
8-511-485-2046,127
8-514-158-3001,2273
8-514-652-8947,1736
8-517-127-5268,4089
8-521-887-4522,2171
8-522-473-3297,4742
8-523-774-7867,693
8-525-283-4930,2108
8-528-887-0707,3540
8-529-903-0215,288
8-530-642-0599,4884
8-531-236-7525,2256
8-532-417-0721,2740
8-535-777-9794,1891
8-539-155-5106,773
8-541-748-8851,218
8-541-767-9706,1986
8-544-832-0205,914
8-546-478-8079,389
8-546-648-6553,1197
8-547-204-4035,1472
8-554-329-1037,1083
8-554-965-2641,3117
8-555-306-4138,281
8-556-791-9414,896
8-557-030-7789,4072
8-559-495-7274,3499
8-562-043-4827,3904
8-562-768-5768,6
8-563-577-4943,1403
8-565-757-6648,1204
8-571-539-5055,728
8-572-103-5304,2032
8-572-300-9749,4228
8-572-319-8404,4094
8-574-700-0905,4648
8-575-575-9138,412
8-577-662-1177,3192
8-577-669-1480,3668
8-577-848-9865,333
8-579-021-2968,4623
8-584-191-9057,1412
8-585-732-3741,492
8-589-523-6760,34
8-592-114-1077,1104
8-594-478-3634,1360
8-594-977-3296,4049
8-594-996-2066,1161
8-596-245-5040,1561
8-598-767-7834,2908
8-598-892-6135,4502
8-599-587-8762,1889
8-601-800-4891,2472
8-604-618-3308,4570
8-605-140-3007,3721
8-605-887-0113,3410
8-606-154-7336,4382
8-606-515-5823,3118
8-608-143-2901,1225
8-608-378-2763,3639
8-608-395-0459,1750
8-608-493-8012,3755
8-612-478-7572,4062
8-613-720-9271,4043
8-618-420-2201,3649
8-619-174-7937,4874
8-619-854-3829,2945
8-623-752-6430,4448
8-625-048-1377,2160
8-625-993-3809,4224
8-629-994-6722,1718
8-631-854-4829,542
8-635-543-1913,834
8-642-153-7850,3094
8-646-399-1836,4313
8-654-925-8644,3085
8-656-976-2397,4105
8-658-374-2823,1723
8-659-192-5294,684
8-660-149-6904,1637
8-661-113-6507,1129
8-661-991-5077,332
8-662-356-4508,227
8-663-486-8691,1603
8-664-301-0264,4777
8-667-915-8732,3841
8-669-438-7488,2888
8-671-779-3236,1533
8-673-470-4808,3775
8-674-248-4665,4682
8-679-151-4914,1147
8-680-473-8081,1865
8-681-341-7865,4965
8-685-077-6356,797
8-685-424-8454,471
8-686-871-7663,2624
8-689-225-1584,4481
8-689-499-7067,1735
8-690-224-9993,4602
8-690-338-9470,2530
8-692-650-7590,3308
8-693-764-7979,2008
8-695-445-3173,3166
8-701-411-7119,2512
8-701-463-9595,934
8-707-576-6978,4235
8-709-270-7433,4265
8-713-151-6084,2143
8-717-173-6539,4896
8-719-435-5936,4816
8-720-395-6313,2077
8-720-718-1265,691
8-721-955-5315,4758
8-724-944-4581,4766
8-725-415-8237,2501
8-726-343-5614,3327
8-727-227-6980,477
8-728-336-7978,241
8-729-165-5289,4135
8-730-523-1383,975
8-731-384-1768,4061
8-736-136-0066,4427
8-737-738-2347,3778
8-738-590-6353,3968
8-741-887-4901,2091
8-746-329-1454,1346
8-746-780-6388,4488
8-746-807-1832,3539
8-747-097-8976,1347
8-749-049-5113,4238
8-750-797-8866,4335
8-751-576-4632,905
8-752-540-0195,744
8-752-902-1211,3714
8-753-583-2484,4058
8-754-782-5430,2080
8-755-181-3176,4402
8-756-450-9966,1107
8-758-885-3432,61
8-760-540-8686,117
8-765-851-7595,759
8-769-320-4159,2966
8-769-962-2120,3565
8-770-673-8495,3556
8-772-421-8052,1570
8-775-641-4969,4078
8-775-944-4886,3361
8-777-845-1427,1430
8-778-332-3627,4698
8-780-225-5066,2403
8-780-275-6233,654
8-780-280-4620,4616
8-780-446-0997,1448
8-785-610-2163,3835
8-789-454-9378,4936
8-792-034-1407,2040
8-792-434-4044,4433
8-793-576-9868,2269
8-793-669-5731,355
8-802-826-1692,3842
8-803-878-2438,178
8-805-282-1320,1867
8-809-375-6972,1808
8-814-642-3068,610
8-817-461-2730,3311
8-822-647-4314,3699
8-824-255-1167,2851
8-824-567-6441,649
8-825-099-7494,924
8-830-230-5184,3223
8-831-124-1181,4948
8-831-616-0089,1965
8-834-296-2453,1042
8-841-288-8999,3348
8-842-058-3642,2279
8-844-062-2920,3553
8-845-244-0836,599
8-847-014-6102,1569
8-849-357-4670,4556
8-849-393-6973,2807
8-850-955-6403,245
8-851-325-5608,2836
8-853-444-8991,4863
8-859-564-0932,3944
8-860-550-4898,109
8-861-385-4675,2625
8-862-860-1262,184
8-867-000-4955,2482
8-868-064-6809,1377
8-869-441-8567,3244
8-869-465-2896,2278
8-870-351-0323,1535
8-872-800-7222,3432
8-875-387-6235,4650
8-876-869-1250,147
8-877-356-3063,3985
8-878-249-6181,2914
8-879-954-6106,3792
8-881-091-0104,3270
8-884-194-5313,1065
8-884-807-6887,807
8-886-403-4898,3291
8-886-509-2948,3637
8-888-599-4960,2231
8-889-763-7432,2184
8-890-005-2970,3715
8-893-749-6117,1125
8-893-959-3115,1994
8-894-763-0336,4827
8-895-015-1914,3255
8-897-934-1180,1629
8-898-128-7147,2834
8-899-944-1146,2175
8-901-525-0090,1858
8-904-451-9106,3439
8-905-709-6831,2818
8-908-482-4679,2567
8-910-075-2038,2224
8-910-128-4682,1183
8-913-783-0875,1185
8-914-232-3409,4809
8-914-516-3323,2382
8-920-595-1391,920
8-921-279-9767,854
8-922-641-8573,2777
8-924-964-5012,2646
8-925-281-1618,3400
8-927-670-4085,3716
8-929-435-8628,2943
8-933-326-4245,144
8-934-410-9571,1023
8-934-904-5441,2140
8-935-408-8857,1037
8-936-245-2431,3084
8-938-360-0585,1566
8-938-891-5157,2226
8-938-916-2839,110
8-939-598-1472,2790
8-942-314-8339,1186
8-942-477-0179,706
8-942-695-4396,2959
8-945-602-8259,2366
8-949-238-0634,3446
8-950-148-3871,256
8-954-780-0147,3865
8-958-021-5483,385
8-970-728-2837,1762
8-970-936-3647,1696
8-974-628-0876,1410
8-975-848-5432,1877
8-975-871-2313,4577
8-978-637-3767,3366
8-979-718-2339,631
8-982-731-5749,1841
8-983-038-5526,356
8-984-573-7295,3082
8-985-215-2337,3396
8-992-225-8284,2213
8-992-911-5418,3659
8-993-931-6071,2840
8-995-593-6616,4244
9-001-058-7682,644
9-005-757-5515,3992
9-006-001-0534,503
9-006-313-7257,568
9-006-596-2727,1018
9-009-375-5289,2346
9-009-463-5969,4527
9-011-896-4460,4779
9-013-638-1500,1967
9-014-703-5259,4672
9-015-418-3263,2252
9-019-147-5863,4512
9-019-457-6372,2626
9-020-822-0503,1660
9-022-757-5494,3670
9-026-023-4149,101
9-026-612-8818,3254
9-031-483-2050,3038
9-037-840-9080,3819
9-038-410-1140,2397
9-038-421-0325,4653
9-041-921-7534,750
9-042-615-9449,4304
9-044-376-2265,2299
9-045-854-0830,311
9-048-440-2347,2210
9-053-243-4245,1188
9-054-435-8719,26
9-055-737-5006,1509
9-055-913-2197,3656
9-058-110-5887,1229
9-059-498-3786,4624
9-066-847-2117,3797
9-067-709-5054,3213
9-069-754-1119,2201
9-070-712-7572,2056
9-071-961-7911,552
9-072-090-9232,3687
9-073-390-6577,3399
9-073-530-4523,982
9-073-754-0233,1483
9-075-440-9525,1937
9-076-294-7233,2035
9-080-495-6025,3613
9-084-456-5799,4145
9-088-225-9470,1006
9-089-052-8843,2272
9-089-670-1803,3103
9-090-643-9325,2002
9-092-274-2803,3350
9-093-006-3838,470
9-094-106-1836,4134
9-095-048-0045,577
9-097-071-1786,2115
9-097-674-6484,2995
9-097-961-1222,4799
9-099-576-8384,4340
9-104-505-4169,1349
9-107-412-4009,4014
9-108-544-1261,2964
9-109-040-4470,19
9-110-505-8058,2307
9-115-180-1800,3101
9-125-938-6697,3508
9-126-215-9898,515
9-126-767-9428,3686
9-127-789-1505,659
9-128-872-0410,505
9-131-294-5535,1630
9-131-346-1909,1607
9-132-996-1295,3116
9-135-320-4376,155
9-135-570-0685,1800
9-141-263-3705,4429
9-141-939-7020,1169
9-144-176-5753,1047
9-145-581-2226,1754
9-146-292-0557,2934
9-148-170-6510,3474
9-148-657-8128,171
9-149-287-3119,1210
9-150-812-8570,698
9-151-562-0213,1258
9-153-201-0739,286
9-154-266-8594,528
9-159-447-2658,2689
9-163-213-4640,703
9-164-430-4753,2353
9-166-923-0766,3799
9-169-076-2781,1819
9-170-279-3751,4379
9-171-304-9887,4960
9-172-178-5377,4877
9-175-140-1381,3155
9-177-886-4062,4523
9-177-901-3420,368
9-181-650-6110,1143
9-183-859-6794,1592
9-185-392-9072,3695
9-185-497-9834,485
9-187-821-4729,352
9-189-369-2331,3734
9-189-659-6021,481
9-191-877-6663,1139
9-192-464-7931,1043
9-192-844-7224,432
9-193-625-2348,865
9-196-984-5140,696
9-199-375-4027,4907
9-199-557-1667,833
9-200-257-6156,739
9-200-299-8688,4037
9-208-095-0531,1481
9-209-974-5238,2037
9-210-057-1643,1925
9-217-319-7321,1528
9-221-468-2382,4219
9-226-205-0219,2732
9-226-246-0527,4858
9-231-241-8601,2348
9-232-407-9771,99
9-237-616-6927,2572
9-240-056-0307,4255
9-242-412-9914,464
9-243-455-4607,3380
9-243-931-7585,2724
9-244-223-2799,3932
9-247-614-7849,3144
9-249-057-9648,2726
9-251-300-2486,4191
9-251-468-5071,1397
9-256-410-1986,1462
9-256-777-0440,2564
9-260-432-9222,1997
9-263-778-9942,2541
9-267-987-2890,2082
9-271-784-1334,4685
9-275-365-8756,2334
9-276-052-8434,217
9-276-235-9493,1700
9-277-150-4504,1084
9-277-386-6092,2017
9-281-669-6513,3892
9-282-902-5079,4176
9-285-812-6855,2098
9-288-847-6158,4848
9-290-771-4449,4720
9-293-975-3012,4261
9-295-504-6849,397
9-296-715-1044,1351
9-296-897-1886,2778
9-300-774-8387,3367
9-301-911-5265,2180
9-307-391-2328,4401
9-309-037-8306,3894
9-309-136-1599,981
9-309-593-3758,4550
9-310-744-7326,2365
9-311-775-5133,303
9-314-331-7521,4038
9-316-147-3001,3602
9-317-922-7226,4147
9-320-423-3270,3351
9-321-309-2721,4647
9-321-391-7217,4683
9-325-161-4002,2679
9-325-470-6059,1508
9-326-004-8711,4774
9-328-412-5390,315
9-329-509-9572,1968
9-331-098-4952,1176
9-334-050-3812,1389
9-337-381-5683,3897
9-339-278-3514,375
9-342-375-2970,415
9-344-798-7159,4944
9-346-182-6749,4248
9-348-795-9722,219
9-350-823-0225,3195
9-355-306-6380,510
9-356-643-2867,4246
9-357-472-2348,2454
9-357-912-9041,4689
9-357-923-2327,2461
9-361-491-9496,208
9-363-741-6922,3321
9-365-338-4443,2495
9-365-746-7757,4697
9-366-505-1364,4866
9-367-971-9711,2439
9-368-709-3183,3356
9-368-870-5377,2721
9-370-206-4763,4152
9-377-093-7294,3723
9-378-913-1407,1856
9-386-096-0031,1987
9-386-834-6708,222
9-387-604-3350,3952
9-392-341-4762,133
9-393-246-7962,1306
9-394-360-0456,720
9-402-354-6002,845
9-403-927-9196,3634
9-404-045-2008,3187
9-415-241-8171,2970
9-415-445-6392,89
9-415-636-2685,249
9-415-821-2581,1195
9-416-271-9167,594
9-416-670-4906,1021
9-418-063-0567,789
9-418-134-5475,3427
9-421-360-6691,1142
9-423-831-5882,1436
9-425-207-4621,4271
9-431-887-0690,3002
9-433-074-6654,891
9-434-267-6164,2709
9-438-000-7418,3791
9-440-350-4808,3737
9-440-979-1483,1600
9-442-804-1950,4106
9-442-942-0461,695
9-443-595-9789,3471
9-448-669-8490,1821
9-452-023-1679,1098
9-455-771-2537,1311
9-455-836-2917,4790
9-458-978-5006,285
9-461-878-1972,1757
9-462-355-0501,4294
9-463-654-3827,3168
9-463-920-1271,4458
9-465-735-3759,4711
9-466-780-1209,2682
9-473-558-7630,326
9-474-341-3372,42
9-475-187-3854,2336
9-478-048-8478,2060
9-483-568-7316,4252
9-486-098-8181,3666
9-486-533-3198,4792
9-489-265-9203,1085
9-489-881-0076,350
9-490-651-3853,4946
9-490-715-1048,4193
9-490-853-1737,591
9-494-727-6425,2417
9-495-883-1537,3184
9-496-226-6819,3600
9-500-007-3123,457
9-501-201-4647,4681
9-503-064-9383,3622
9-504-654-2041,4398
9-506-925-6991,1633
9-508-369-3426,2084
9-510-732-6940,3276
9-510-837-9310,3831
9-511-346-7766,3445
9-512-947-3616,3158
9-514-412-1506,4508
9-518-237-2869,235
9-518-261-6960,275
9-519-342-9436,2268
9-520-058-1544,1893
9-524-973-7084,1342
9-526-082-0385,3888
9-526-595-5432,4090
9-528-856-4175,2229
9-531-708-5949,1911
9-532-356-3804,3789
9-533-503-8340,3726
9-533-737-5554,2677
9-536-284-4965,228
9-542-675-8040,1615
9-550-061-7793,51
9-550-632-1274,1766
9-552-256-3726,3996
9-554-716-3962,2011
9-556-224-8421,2039
9-557-921-5117,4320
9-558-961-1536,602
9-560-616-4693,2116
9-565-283-6281,1788
9-567-693-5051,3185
9-568-720-8706,2513
9-571-352-2704,3426
9-573-753-3591,4096
9-576-563-8886,2594
9-578-429-2528,1772
9-580-907-3838,495
9-582-782-4166,4070
9-584-177-6339,2669
9-586-267-6664,200
9-587-412-9934,4388
9-589-579-2344,3741
9-590-306-5676,2219
9-592-716-0550,2717
9-593-190-5794,4847
9-594-615-6263,3167
9-597-215-2818,2469
9-597-929-0226,2788
9-598-696-3152,2233
9-599-346-7179,284
9-600-613-4794,1805
9-607-164-4038,3462
9-609-810-0678,3053
9-609-868-7213,64
9-613-099-0414,108
9-614-892-5689,4353
9-615-005-4555,1281
9-617-085-2480,70
9-619-429-0098,926
9-623-850-1100,636
9-625-852-1439,2255
9-626-938-7447,4144
9-627-830-8958,3856
9-630-883-4756,2164
9-632-274-6789,4223
9-632-529-9545,4548
9-637-109-7368,832
9-638-170-2329,2819
9-641-651-5079,2404
9-642-864-7283,3352
9-644-743-7529,3087
9-645-455-6894,1244
9-646-681-3357,538
9-647-012-5025,3551
9-648-409-1774,3235
9-650-419-4447,2442
9-651-660-4064,3096
9-653-288-4662,4822
9-654-186-2747,2537
9-656-511-0823,1692
9-671-217-4453,4296
9-673-355-3427,3572
9-673-578-6255,754
9-674-753-6559,1896
9-690-122-6179,3546
9-694-074-6320,4864
9-694-265-8671,3045
9-695-563-5110,3558
9-697-965-1582,3725
9-698-948-1093,4801
9-703-659-7070,204
9-706-852-2426,1174
9-710-720-3554,672
9-711-473-2292,2835
9-711-501-9540,2075
9-712-902-1103,4952
9-714-727-1225,4292
9-714-917-1583,4364
9-715-935-2615,2743
9-717-739-5450,883
9-717-949-9895,3638
9-717-997-0558,2457
9-718-098-2678,734
9-719-058-1063,991
9-721-016-2741,177
9-725-007-0195,1140
9-726-048-5382,3284
9-730-255-9854,634
9-739-326-3869,2166
9-739-510-9491,3800
9-745-732-9253,1897
9-748-114-8451,4311
9-749-732-1373,4572
9-753-547-2400,3062
9-756-710-2615,1321
9-759-418-0038,1901
9-760-906-0200,3782
9-761-345-2204,3693
9-761-360-4724,4811
9-762-882-9046,1525
9-767-128-0205,4859
9-767-247-2746,2741
9-767-746-6342,4025
9-769-505-8269,1336
9-773-952-9507,3346
9-774-032-5532,2968
9-774-601-7766,318
9-777-878-8299,1263
9-779-155-1467,3105
9-780-431-0664,1584
9-781-219-9620,2009
9-784-714-5563,761
9-785-017-5453,3733
9-786-338-0708,1719
9-789-206-1170,1423
9-789-745-3536,1181
9-789-882-9002,2055
9-790-757-6853,1642
9-793-980-9809,932
9-796-485-8015,1596
9-798-190-3668,4172
9-804-593-0984,4068
9-806-385-1275,1409
9-807-508-1681,2647
9-810-034-5193,4395
9-811-076-4670,2629
9-813-817-5490,4126
9-814-366-3051,490
9-820-132-0555,491
9-821-430-8568,4691
9-824-011-0685,3964
9-824-619-5929,3911
9-825-186-1637,3457
9-825-645-9267,496
9-826-980-2320,2503
9-827-902-5042,2597
9-828-443-0177,1993
9-828-786-8528,2165
9-831-139-0579,4563
9-833-563-2471,560
9-835-027-8595,4842
9-839-440-9727,971
9-840-087-7325,1758
9-844-599-6733,1101
9-845-147-8497,2490
9-845-496-7987,1160
9-846-077-1811,2087
9-846-651-9258,2462
9-847-219-5553,164
9-847-632-2933,738
9-848-973-8849,4666
9-849-178-6671,1839
9-850-115-2678,3248
9-852-116-4770,3490
9-852-122-3916,1746
9-852-824-7879,2085
9-858-914-3900,3397
9-864-729-0363,1427
9-865-078-4223,373
9-868-499-0323,4319
9-873-157-9803,1442
9-873-540-8504,2390
9-876-689-2960,980
9-880-099-9355,4202
9-882-098-0486,1527
9-886-433-4229,1739
9-888-620-4742,809
9-888-849-7621,1011
9-891-778-4488,2475
9-891-971-1128,2253
9-892-067-9063,206
9-893-929-4510,1239
9-895-306-7336,587
9-897-359-4857,3334
9-903-919-7307,321
9-906-023-7018,3406
9-906-806-1731,3420
9-908-541-4036,259
9-908-559-7217,2526
9-908-695-4244,3890
9-909-152-9255,2933
9-914-104-2485,901
9-916-524-2634,1466
9-920-644-6760,1064
9-921-406-7048,3209
9-922-499-6979,3401
9-923-173-0495,3407
9-926-146-2981,1907
9-927-366-1566,2432
9-929-248-5259,1232
9-929-503-3152,4521
9-930-589-8722,2435
9-930-764-2004,2494
9-931-322-8309,4941
9-932-474-5632,3178
9-933-023-2658,4725
9-937-180-2606,1337
9-938-811-5009,3069
9-940-085-9725,4373
9-940-826-1673,960
9-941-546-1582,3691
9-944-564-4499,801
9-951-947-4838,1329
9-952-802-2491,302
9-954-651-3064,868
9-958-293-1219,1512
9-959-347-7117,2249
9-960-163-9080,630
9-967-081-3198,1399
9-967-786-8342,2524
9-971-776-7689,2546
9-974-323-7574,4316
9-974-825-8642,2465
9-975-814-6046,4825
9-984-613-6229,3605
9-988-746-8161,2148
9-989-425-0635,4721
9-990-431-7944,3657
9-998-231-8697,2990
